{"id":"00000000-0000-0000-0000-000000000000","revision":0,"last_node_id":3001,"last_link_id":23,"nodes":[{"id":4,"type":"UnetLoaderGGUF","pos":[100,130],"size":[270,58],"flags":{},"order":0,"mode":0,"inputs":[{"localized_name":"unet_name","name":"unet_name","type":"COMBO","widget":{"name":"unet_name"},"link":null}],"outputs":[{"localized_name":"MODEL","name":"MODEL","type":"MODEL","links":[21]}],"properties":{"cnr_id":"ComfyUI-GGUF","ver":"795e45156ece99afbc3efef911e63fcb46e6a20d","Node name for S&R":"UnetLoaderGGUF"},"widgets_values":["FLUX_2_Dev_Q4_K_M.gguf"]},{"id":5,"type":"EmptyFlux2LatentImage","pos":[100,318],"size":[270,106],"flags":{},"order":1,"mode":0,"inputs":[{"localized_name":"width","name":"width","type":"INT","widget":{"name":"width"},"link":null},{"localized_name":"height","name":"height","type":"INT","widget":{"name":"height"},"link":null},{"localized_name":"batch_size","name":"batch_size","type":"INT","widget":{"name":"batch_size"},"link":null}],"outputs":[{"localized_name":"LATENT","name":"LATENT","type":"LATENT","links":[20]}],"properties":{"cnr_id":"comfy-core","ver":"0.7.0","Node name for S&R":"EmptyFlux2LatentImage"},"widgets_values":[2048,2048,1]},{"id":6,"type":"SwarmClipTextEncodeAdvanced","pos":[470,390],"size":[400,326],"flags":{},"order":5,"mode":0,"inputs":[{"localized_name":"clip","name":"clip","type":"CLIP","link":12},{"localized_name":"clip_vision_output","name":"clip_vision_output","shape":7,"type":"CLIP_VISION_OUTPUT","link":null},{"localized_name":"images","name":"images","shape":7,"type":"IMAGE","link":null},{"localized_name":"steps","name":"steps","type":"INT","widget":{"name":"steps"},"link":null},{"localized_name":"prompt","name":"prompt","type":"STRING","widget":{"name":"prompt"},"link":null},{"localized_name":"width","name":"width","type":"INT","widget":{"name":"width"},"link":null},{"localized_name":"height","name":"height","type":"INT","widget":{"name":"height"},"link":null},{"localized_name":"target_width","name":"target_width","type":"INT","widget":{"name":"target_width"},"link":null},{"localized_name":"target_height","name":"target_height","type":"INT","widget":{"name":"target_height"},"link":null},{"localized_name":"guidance","name":"guidance","shape":7,"type":"FLOAT","widget":{"name":"guidance"},"link":null},{"localized_name":"llama_template","name":"llama_template","shape":7,"type":"STRING","widget":{"name":"llama_template"},"link":null}],"outputs":[{"localized_name":"CONDITIONING","name":"CONDITIONING","type":"CONDITIONING","links":[18]}],"properties":{"Node name for S&R":"SwarmClipTextEncodeAdvanced"},"widgets_values":[8,"super fast car",3072,3072,2048,2048,7,""]},{"id":7,"type":"SwarmClipTextEncodeAdvanced","pos":[470,846],"size":[400,326],"flags":{},"order":6,"mode":0,"inputs":[{"localized_name":"clip","name":"clip","type":"CLIP","link":13},{"localized_name":"clip_vision_output","name":"clip_vision_output","shape":7,"type":"CLIP_VISION_OUTPUT","link":null},{"localized_name":"images","name":"images","shape":7,"type":"IMAGE","link":null},{"localized_name":"steps","name":"steps","type":"INT","widget":{"name":"steps"},"link":null},{"localized_name":"prompt","name":"prompt","type":"STRING","widget":{"name":"prompt"},"link":null},{"localized_name":"width","name":"width","type":"INT","widget":{"name":"width"},"link":null},{"localized_name":"height","name":"height","type":"INT","widget":{"name":"height"},"link":null},{"localized_name":"target_width","name":"target_width","type":"INT","widget":{"name":"target_width"},"link":null},{"localized_name":"target_height","name":"target_height","type":"INT","widget":{"name":"target_height"},"link":null},{"localized_name":"guidance","name":"guidance","shape":7,"type":"FLOAT","widget":{"name":"guidance"},"link":null},{"localized_name":"llama_template","name":"llama_template","shape":7,"type":"STRING","widget":{"name":"llama_template"},"link":null}],"outputs":[{"localized_name":"CONDITIONING","name":"CONDITIONING","type":"CONDITIONING","links":[19]}],"properties":{"Node name for S&R":"SwarmClipTextEncodeAdvanced"},"widgets_values":[8,"",1664,1664,2048,2048,7,""]},{"id":10,"type":"SwarmKSampler","pos":[1340,130],"size":[312.353515625,526],"flags":{},"order":8,"mode":0,"inputs":[{"localized_name":"model","name":"model","type":"MODEL","link":17},{"localized_name":"positive","name":"positive","type":"CONDITIONING","link":18},{"localized_name":"negative","name":"negative","type":"CONDITIONING","link":19},{"localized_name":"latent_image","name":"latent_image","type":"LATENT","link":20},{"localized_name":"noise_seed","name":"noise_seed","type":"INT","widget":{"name":"noise_seed"},"link":null},{"localized_name":"steps","name":"steps","type":"INT","widget":{"name":"steps"},"link":null},{"localized_name":"cfg","name":"cfg","type":"FLOAT","widget":{"name":"cfg"},"link":null},{"localized_name":"sampler_name","name":"sampler_name","type":"COMBO","widget":{"name":"sampler_name"},"link":null},{"localized_name":"scheduler","name":"scheduler","type":"COMBO","widget":{"name":"scheduler"},"link":null},{"localized_name":"start_at_step","name":"start_at_step","type":"INT","widget":{"name":"start_at_step"},"link":null},{"localized_name":"end_at_step","name":"end_at_step","type":"INT","widget":{"name":"end_at_step"},"link":null},{"localized_name":"var_seed","name":"var_seed","type":"INT","widget":{"name":"var_seed"},"link":null},{"localized_name":"var_seed_strength","name":"var_seed_strength","type":"FLOAT","widget":{"name":"var_seed_strength"},"link":null},{"localized_name":"sigma_max","name":"sigma_max","type":"FLOAT","widget":{"name":"sigma_max"},"link":null},{"localized_name":"sigma_min","name":"sigma_min","type":"FLOAT","widget":{"name":"sigma_min"},"link":null},{"localized_name":"rho","name":"rho","type":"FLOAT","widget":{"name":"rho"},"link":null},{"localized_name":"add_noise","name":"add_noise","type":"COMBO","widget":{"name":"add_noise"},"link":null},{"localized_name":"return_with_leftover_noise","name":"return_with_leftover_noise","type":"COMBO","widget":{"name":"return_with_leftover_noise"},"link":null},{"localized_name":"previews","name":"previews","type":"COMBO","widget":{"name":"previews"},"link":null},{"localized_name":"tile_sample","name":"tile_sample","type":"BOOLEAN","widget":{"name":"tile_sample"},"link":null},{"localized_name":"tile_size","name":"tile_size","type":"INT","widget":{"name":"tile_size"},"link":null}],"outputs":[{"localized_name":"LATENT","name":"LATENT","type":"LATENT","links":[15]}],"properties":{"Node name for S&R":"SwarmKSampler"},"widgets_values":[559216834304434,"randomize",8,1,"er_sde","beta57",0,10000,0,0,-1,-1,7,"enable","disable","default",false,2048]},{"id":100,"type":"CLIPLoaderGGUF","pos":[100,554],"size":[270,82],"flags":{},"order":2,"mode":0,"inputs":[{"localized_name":"clip_name","name":"clip_name","type":"COMBO","widget":{"name":"clip_name"},"link":null},{"localized_name":"type","name":"type","type":"COMBO","widget":{"name":"type"},"link":null}],"outputs":[{"localized_name":"CLIP","name":"CLIP","type":"CLIP","links":[12,13]}],"properties":{"cnr_id":"ComfyUI-GGUF","ver":"795e45156ece99afbc3efef911e63fcb46e6a20d","Node name for S&R":"CLIPLoaderGGUF"},"widgets_values":["mistral_3_small_flux2_Q4_K_M.gguf","flux2"]},{"id":101,"type":"VAELoader","pos":[100,766],"size":[270,58],"flags":{},"order":3,"mode":0,"inputs":[{"localized_name":"vae_name","name":"vae_name","type":"COMBO","widget":{"name":"vae_name"},"link":null}],"outputs":[{"localized_name":"VAE","name":"VAE","type":"VAE","links":[14]}],"properties":{"cnr_id":"comfy-core","ver":"0.7.0","Node name for S&R":"VAELoader"},"widgets_values":["Flux\\flux2-vae.safetensors"]},{"id":102,"type":"ModelSamplingFlux","pos":[470,130],"size":[270,130],"flags":{},"order":4,"mode":0,"inputs":[{"localized_name":"model","name":"model","type":"MODEL","link":21},{"localized_name":"max_shift","name":"max_shift","type":"FLOAT","widget":{"name":"max_shift"},"link":null},{"localized_name":"base_shift","name":"base_shift","type":"FLOAT","widget":{"name":"base_shift"},"link":null},{"localized_name":"width","name":"width","type":"INT","widget":{"name":"width"},"link":null},{"localized_name":"height","name":"height","type":"INT","widget":{"name":"height"},"link":null}],"outputs":[{"localized_name":"MODEL","name":"MODEL","type":"MODEL","links":[22]}],"properties":{"cnr_id":"comfy-core","ver":"0.7.0","Node name for S&R":"ModelSamplingFlux"},"widgets_values":[1,0.5,2048,2048]},{"id":3000,"type":"LoraLoaderModelOnly","pos":[970,130],"size":[270,82],"flags":{},"order":7,"mode":0,"inputs":[{"localized_name":"model","name":"model","type":"MODEL","link":22},{"localized_name":"lora_name","name":"lora_name","type":"COMBO","widget":{"name":"lora_name"},"link":null},{"localized_name":"strength_model","name":"strength_model","type":"FLOAT","widget":{"name":"strength_model"},"link":null}],"outputs":[{"localized_name":"MODEL","name":"MODEL","type":"MODEL","links":[17]}],"properties":{"cnr_id":"comfy-core","ver":"0.7.0","Node name for S&R":"LoraLoaderModelOnly"},"widgets_values":["Flux_2_Turbo_LoRA_Fixed.safetensors",1]},{"id":8,"type":"VAEDecode","pos":[1752.353515625,130],"size":[140,46],"flags":{},"order":9,"mode":0,"inputs":[{"localized_name":"samples","name":"samples","type":"LATENT","link":15},{"localized_name":"vae","name":"vae","type":"VAE","link":14}],"outputs":[{"localized_name":"IMAGE","name":"IMAGE","type":"IMAGE","links":[23]}],"properties":{"cnr_id":"comfy-core","ver":"0.7.0","Node name for S&R":"VAEDecode"},"widgets_values":[]},{"id":3001,"type":"SaveImage","pos":[1926.8504697265628,133.81430871582023],"size":[956.4733722290043,1027.694070898438],"flags":{},"order":10,"mode":0,"inputs":[{"localized_name":"images","name":"images","type":"IMAGE","link":23},{"localized_name":"filename_prefix","name":"filename_prefix","type":"STRING","widget":{"name":"filename_prefix"},"link":null}],"outputs":[],"properties":{"cnr_id":"comfy-core","ver":"0.7.0"},"widgets_values":["ComfyUI"]}],"links":[[12,100,0,6,0,"CLIP"],[13,100,0,7,0,"CLIP"],[14,101,0,8,1,"VAE"],[15,10,0,8,0,"LATENT"],[17,3000,0,10,0,"MODEL"],[18,6,0,10,1,"CONDITIONING"],[19,7,0,10,2,"CONDITIONING"],[20,5,0,10,3,"LATENT"],[21,4,0,102,0,"MODEL"],[22,102,0,3000,0,"MODEL"],[23,8,0,3001,0,"IMAGE"]],"groups":[],"config":{},"extra":{"ds":{"scale":0.6830134553650705,"offset":[268.799170458985,104.73720863952646]},"frontendVersion":"1.34.9","workflowRendererVersion":"LG"},"version":0.4}