{
  "id": "00000000-0000-0000-0000-000000000000",
  "revision": 0,
  "last_node_id": 3001,
  "last_link_id": 23,
  "nodes": [
    {
      "id": 4,
      "type": "UnetLoaderGGUF",
      "pos": [
        100,
        130
      ],
      "size": [
        270,
        58
      ],
      "flags": {},
      "order": 0,
      "mode": 0,
      "inputs": [],
      "outputs": [
        {
          "name": "MODEL",
          "type": "MODEL",
          "links": [
            21
          ]
        }
      ],
      "properties": {
        "cnr_id": "ComfyUI-GGUF",
        "ver": "795e45156ece99afbc3efef911e63fcb46e6a20d",
        "Node name for S&R": "UnetLoaderGGUF"
      },
      "widgets_values": [
        "FLUX_2_Dev_Q4_K_M.gguf"
      ]
    },
    {
      "id": 5,
      "type": "EmptyFlux2LatentImage",
      "pos": [
        100,
        318
      ],
      "size": [
        270,
        106
      ],
      "flags": {},
      "order": 1,
      "mode": 0,
      "inputs": [],
      "outputs": [
        {
          "name": "LATENT",
          "type": "LATENT",
          "links": [
            20
          ]
        }
      ],
      "properties": {
        "cnr_id": "comfy-core",
        "ver": "0.7.0",
        "Node name for S&R": "EmptyFlux2LatentImage"
      },
      "widgets_values": [
        2048,
        2048,
        1
      ]
    },
    {
      "id": 6,
      "type": "SwarmClipTextEncodeAdvanced",
      "pos": [
        470,
        390
      ],
      "size": [
        400,
        326
      ],
      "flags": {},
      "order": 5,
      "mode": 0,
      "inputs": [
        {
          "name": "clip",
          "type": "CLIP",
          "link": 12
        },
        {
          "name": "clip_vision_output",
          "shape": 7,
          "type": "CLIP_VISION_OUTPUT",
          "link": null
        },
        {
          "name": "images",
          "shape": 7,
          "type": "IMAGE",
          "link": null
        }
      ],
      "outputs": [
        {
          "name": "CONDITIONING",
          "type": "CONDITIONING",
          "links": [
            18
          ]
        }
      ],
      "properties": {
        "Node name for S&R": "SwarmClipTextEncodeAdvanced"
      },
      "widgets_values": [
        8,
        "super fast car",
        3072,
        3072,
        2048,
        2048,
        7,
        ""
      ]
    },
    {
      "id": 7,
      "type": "SwarmClipTextEncodeAdvanced",
      "pos": [
        470,
        846
      ],
      "size": [
        400,
        326
      ],
      "flags": {},
      "order": 6,
      "mode": 0,
      "inputs": [
        {
          "name": "clip",
          "type": "CLIP",
          "link": 13
        },
        {
          "name": "clip_vision_output",
          "shape": 7,
          "type": "CLIP_VISION_OUTPUT",
          "link": null
        },
        {
          "name": "images",
          "shape": 7,
          "type": "IMAGE",
          "link": null
        }
      ],
      "outputs": [
        {
          "name": "CONDITIONING",
          "type": "CONDITIONING",
          "links": [
            19
          ]
        }
      ],
      "properties": {
        "Node name for S&R": "SwarmClipTextEncodeAdvanced"
      },
      "widgets_values": [
        8,
        "",
        1664,
        1664,
        2048,
        2048,
        7,
        ""
      ]
    },
    {
      "id": 10,
      "type": "SwarmKSampler",
      "pos": [
        1340,
        130
      ],
      "size": [
        312.353515625,
        738
      ],
      "flags": {},
      "order": 8,
      "mode": 0,
      "inputs": [
        {
          "name": "model",
          "type": "MODEL",
          "link": 17
        },
        {
          "name": "positive",
          "type": "CONDITIONING",
          "link": 18
        },
        {
          "name": "negative",
          "type": "CONDITIONING",
          "link": 19
        },
        {
          "name": "latent_image",
          "type": "LATENT",
          "link": 20
        }
      ],
      "outputs": [
        {
          "name": "LATENT",
          "type": "LATENT",
          "links": [
            15
          ]
        }
      ],
      "properties": {
        "Node name for S&R": "SwarmKSampler"
      },
      "widgets_values": [
        933621158992470,
        "randomize",
        8,
        1,
        "er_sde",
        "beta57",
        0,
        10000,
        0,
        0,
        -1,
        -1,
        7,
        "enable",
        "disable",
        "default",
        false,
        2048
      ]
    },
    {
      "id": 100,
      "type": "CLIPLoaderGGUF",
      "pos": [
        100,
        554
      ],
      "size": [
        270,
        82
      ],
      "flags": {},
      "order": 2,
      "mode": 0,
      "inputs": [],
      "outputs": [
        {
          "name": "CLIP",
          "type": "CLIP",
          "links": [
            12,
            13
          ]
        }
      ],
      "properties": {
        "cnr_id": "ComfyUI-GGUF",
        "ver": "795e45156ece99afbc3efef911e63fcb46e6a20d",
        "Node name for S&R": "CLIPLoaderGGUF"
      },
      "widgets_values": [
        "mistral_3_small_flux2_Q4_K_M.gguf",
        "flux2"
      ]
    },
    {
      "id": 101,
      "type": "VAELoader",
      "pos": [
        100,
        766
      ],
      "size": [
        270,
        58
      ],
      "flags": {},
      "order": 3,
      "mode": 0,
      "inputs": [],
      "outputs": [
        {
          "name": "VAE",
          "type": "VAE",
          "links": [
            14
          ]
        }
      ],
      "properties": {
        "cnr_id": "comfy-core",
        "ver": "0.7.0",
        "Node name for S&R": "VAELoader"
      },
      "widgets_values": [
        "Flux\\flux2-vae.safetensors"
      ]
    },
    {
      "id": 102,
      "type": "ModelSamplingFlux",
      "pos": [
        470,
        130
      ],
      "size": [
        270,
        130
      ],
      "flags": {},
      "order": 4,
      "mode": 0,
      "inputs": [
        {
          "name": "model",
          "type": "MODEL",
          "link": 21
        }
      ],
      "outputs": [
        {
          "name": "MODEL",
          "type": "MODEL",
          "links": [
            22
          ]
        }
      ],
      "properties": {
        "cnr_id": "comfy-core",
        "ver": "0.7.0",
        "Node name for S&R": "ModelSamplingFlux"
      },
      "widgets_values": [
        1,
        0.5,
        2048,
        2048
      ]
    },
    {
      "id": 3000,
      "type": "LoraLoaderModelOnly",
      "pos": [
        970,
        130
      ],
      "size": [
        270,
        82
      ],
      "flags": {},
      "order": 7,
      "mode": 0,
      "inputs": [
        {
          "name": "model",
          "type": "MODEL",
          "link": 22
        }
      ],
      "outputs": [
        {
          "name": "MODEL",
          "type": "MODEL",
          "links": [
            17
          ]
        }
      ],
      "properties": {
        "cnr_id": "comfy-core",
        "ver": "0.7.0",
        "Node name for S&R": "LoraLoaderModelOnly"
      },
      "widgets_values": [
        "Flux_2_Turbo_LoRA_Fixed.safetensors",
        1
      ]
    },
    {
      "id": 8,
      "type": "VAEDecode",
      "pos": [
        1752.353515625,
        130
      ],
      "size": [
        140,
        46
      ],
      "flags": {},
      "order": 9,
      "mode": 0,
      "inputs": [
        {
          "name": "samples",
          "type": "LATENT",
          "link": 15
        },
        {
          "name": "vae",
          "type": "VAE",
          "link": 14
        }
      ],
      "outputs": [
        {
          "name": "IMAGE",
          "type": "IMAGE",
          "links": [
            23
          ]
        }
      ],
      "properties": {
        "cnr_id": "comfy-core",
        "ver": "0.7.0",
        "Node name for S&R": "VAEDecode"
      }
    },
    {
      "id": 3001,
      "type": "SaveImage",
      "pos": [
        1967.937395744629,
        128.48866680847144
      ],
      "size": [
        950.1232414184574,
        907.5685100708008
      ],
      "flags": {},
      "order": 10,
      "mode": 0,
      "inputs": [
        {
          "name": "images",
          "type": "IMAGE",
          "link": 23
        }
      ],
      "outputs": [],
      "properties": {
        "cnr_id": "comfy-core",
        "ver": "0.7.0"
      },
      "widgets_values": [
        "ComfyUI"
      ]
    }
  ],
  "links": [
    [
      12,
      100,
      0,
      6,
      0,
      "CLIP"
    ],
    [
      13,
      100,
      0,
      7,
      0,
      "CLIP"
    ],
    [
      14,
      101,
      0,
      8,
      1,
      "VAE"
    ],
    [
      15,
      10,
      0,
      8,
      0,
      "LATENT"
    ],
    [
      17,
      3000,
      0,
      10,
      0,
      "MODEL"
    ],
    [
      18,
      6,
      0,
      10,
      1,
      "CONDITIONING"
    ],
    [
      19,
      7,
      0,
      10,
      2,
      "CONDITIONING"
    ],
    [
      20,
      5,
      0,
      10,
      3,
      "LATENT"
    ],
    [
      21,
      4,
      0,
      102,
      0,
      "MODEL"
    ],
    [
      22,
      102,
      0,
      3000,
      0,
      "MODEL"
    ],
    [
      23,
      8,
      0,
      3001,
      0,
      "IMAGE"
    ]
  ],
  "groups": [],
  "config": {},
  "extra": {
    "ds": {
      "scale": 0.6209213230591552,
      "offset": [
        213.8642097875974,
        138.8755008227541
      ]
    },
    "frontendVersion": "1.34.9"
  },
  "version": 0.4
}