{
  "id": "00000000-0000-0000-0000-000000000000",
  "revision": 0,
  "last_node_id": 102,
  "last_link_id": 19,
  "nodes": [
    {
      "id": 5,
      "type": "EmptySD3LatentImage",
      "pos": [
        100,
        342
      ],
      "size": [
        270,
        106
      ],
      "flags": {},
      "order": 0,
      "mode": 0,
      "inputs": [],
      "outputs": [
        {
          "name": "LATENT",
          "type": "LATENT",
          "links": [
            18
          ]
        }
      ],
      "properties": {
        "cnr_id": "comfy-core",
        "ver": "0.7.0",
        "Node name for S&R": "EmptySD3LatentImage"
      },
      "widgets_values": [
        1024,
        1024,
        1
      ]
    },
    {
      "id": 6,
      "type": "SwarmClipTextEncodeAdvanced",
      "pos": [
        470,
        130
      ],
      "size": [
        400,
        326
      ],
      "flags": {},
      "order": 4,
      "mode": 0,
      "inputs": [
        {
          "name": "clip",
          "type": "CLIP",
          "link": 10
        },
        {
          "name": "clip_vision_output",
          "shape": 7,
          "type": "CLIP_VISION_OUTPUT",
          "link": null
        },
        {
          "name": "images",
          "shape": 7,
          "type": "IMAGE",
          "link": null
        }
      ],
      "outputs": [
        {
          "name": "CONDITIONING",
          "type": "CONDITIONING",
          "links": [
            16
          ]
        }
      ],
      "properties": {
        "Node name for S&R": "SwarmClipTextEncodeAdvanced"
      },
      "widgets_values": [
        40,
        "super fast car",
        1536,
        1536,
        1024,
        1024,
        4,
        ""
      ]
    },
    {
      "id": 7,
      "type": "SwarmClipTextEncodeAdvanced",
      "pos": [
        470,
        586
      ],
      "size": [
        400,
        326
      ],
      "flags": {},
      "order": 5,
      "mode": 0,
      "inputs": [
        {
          "name": "clip",
          "type": "CLIP",
          "link": 11
        },
        {
          "name": "clip_vision_output",
          "shape": 7,
          "type": "CLIP_VISION_OUTPUT",
          "link": null
        },
        {
          "name": "images",
          "shape": 7,
          "type": "IMAGE",
          "link": null
        }
      ],
      "outputs": [
        {
          "name": "CONDITIONING",
          "type": "CONDITIONING",
          "links": [
            17
          ]
        }
      ],
      "properties": {
        "Node name for S&R": "SwarmClipTextEncodeAdvanced"
      },
      "widgets_values": [
        40,
        "",
        832,
        832,
        1024,
        1024,
        4,
        ""
      ]
    },
    {
      "id": 10,
      "type": "SwarmKSampler",
      "pos": [
        970,
        130
      ],
      "size": [
        312.353515625,
        526
      ],
      "flags": {},
      "order": 6,
      "mode": 0,
      "inputs": [
        {
          "name": "model",
          "type": "MODEL",
          "link": 15
        },
        {
          "name": "positive",
          "type": "CONDITIONING",
          "link": 16
        },
        {
          "name": "negative",
          "type": "CONDITIONING",
          "link": 17
        },
        {
          "name": "latent_image",
          "type": "LATENT",
          "link": 18
        }
      ],
      "outputs": [
        {
          "name": "LATENT",
          "type": "LATENT",
          "links": [
            13
          ]
        }
      ],
      "properties": {
        "Node name for S&R": "SwarmKSampler"
      },
      "widgets_values": [
        595193157911912,
        "randomize",
        40,
        1,
        "ipndm",
        "ddim_uniform",
        0,
        10000,
        0,
        0,
        -1,
        -1,
        7,
        "enable",
        "disable",
        "default",
        false,
        1024
      ]
    },
    {
      "id": 100,
      "type": "DualCLIPLoader",
      "pos": [
        100,
        578
      ],
      "size": [
        270,
        130
      ],
      "flags": {},
      "order": 1,
      "mode": 0,
      "inputs": [],
      "outputs": [
        {
          "name": "CLIP",
          "type": "CLIP",
          "links": [
            10,
            11
          ]
        }
      ],
      "properties": {
        "cnr_id": "comfy-core",
        "ver": "0.7.0",
        "Node name for S&R": "DualCLIPLoader"
      },
      "widgets_values": [
        "t5xxl_enconly.safetensors",
        "clip_l.safetensors",
        "flux",
        "default"
      ]
    },
    {
      "id": 101,
      "type": "VAELoader",
      "pos": [
        100,
        838
      ],
      "size": [
        270,
        58
      ],
      "flags": {},
      "order": 2,
      "mode": 0,
      "inputs": [],
      "outputs": [
        {
          "name": "VAE",
          "type": "VAE",
          "links": [
            12
          ]
        }
      ],
      "properties": {
        "cnr_id": "comfy-core",
        "ver": "0.7.0",
        "Node name for S&R": "VAELoader"
      },
      "widgets_values": [
        "Flux\\ae.safetensors"
      ]
    },
    {
      "id": 102,
      "type": "SaveImage",
      "pos": [
        1576.8764306640626,
        138.18329315185548
      ],
      "size": [
        837.999877929688,
        717.3332626342774
      ],
      "flags": {},
      "order": 8,
      "mode": 0,
      "inputs": [
        {
          "name": "images",
          "type": "IMAGE",
          "link": 19
        }
      ],
      "outputs": [],
      "properties": {
        "cnr_id": "comfy-core",
        "ver": "0.7.0"
      },
      "widgets_values": [
        "ComfyUI"
      ]
    },
    {
      "id": 8,
      "type": "VAEDecode",
      "pos": [
        1382.353515625,
        130
      ],
      "size": [
        140,
        46
      ],
      "flags": {},
      "order": 7,
      "mode": 0,
      "inputs": [
        {
          "name": "samples",
          "type": "LATENT",
          "link": 13
        },
        {
          "name": "vae",
          "type": "VAE",
          "link": 12
        }
      ],
      "outputs": [
        {
          "name": "IMAGE",
          "type": "IMAGE",
          "links": [
            19
          ]
        }
      ],
      "properties": {
        "cnr_id": "comfy-core",
        "ver": "0.7.0",
        "Node name for S&R": "VAEDecode"
      },
      "widgets_values": []
    },
    {
      "id": 4,
      "type": "UNETLoader",
      "pos": [
        100,
        130
      ],
      "size": [
        270,
        82
      ],
      "flags": {},
      "order": 3,
      "mode": 0,
      "inputs": [],
      "outputs": [
        {
          "name": "MODEL",
          "type": "MODEL",
          "links": [
            15
          ]
        }
      ],
      "properties": {
        "cnr_id": "comfy-core",
        "ver": "0.7.0",
        "Node name for S&R": "UNETLoader"
      },
      "widgets_values": [
        "FLUX-SRPO-bf16.safetensors",
        "default"
      ]
    }
  ],
  "links": [
    [
      10,
      100,
      0,
      6,
      0,
      "CLIP"
    ],
    [
      11,
      100,
      0,
      7,
      0,
      "CLIP"
    ],
    [
      12,
      101,
      0,
      8,
      1,
      "VAE"
    ],
    [
      13,
      10,
      0,
      8,
      0,
      "LATENT"
    ],
    [
      15,
      4,
      0,
      10,
      0,
      "MODEL"
    ],
    [
      16,
      6,
      0,
      10,
      1,
      "CONDITIONING"
    ],
    [
      17,
      7,
      0,
      10,
      2,
      "CONDITIONING"
    ],
    [
      18,
      5,
      0,
      10,
      3,
      "LATENT"
    ],
    [
      19,
      8,
      0,
      102,
      0,
      "IMAGE"
    ]
  ],
  "groups": [],
  "config": {},
  "extra": {
    "ds": {
      "scale": 0.9090909090909091,
      "offset": [
        91.12331298828144,
        60.81668701171873
      ]
    },
    "frontendVersion": "1.34.9",
    "workflowRendererVersion": "LG"
  },
  "version": 0.4
}