{
  "id": "00000000-0000-0000-0000-000000000000",
  "revision": 0,
  "last_node_id": 113,
  "last_link_id": 45,
  "nodes": [
    {
      "id": 4,
      "type": "UNETLoader",
      "pos": [
        100,
        130
      ],
      "size": [
        270,
        82
      ],
      "flags": {},
      "order": 0,
      "mode": 0,
      "inputs": [],
      "outputs": [
        {
          "name": "MODEL",
          "type": "MODEL",
          "links": [
            25
          ]
        }
      ],
      "properties": {
        "cnr_id": "comfy-core",
        "ver": "0.7.0",
        "Node name for S&R": "UNETLoader"
      },
      "widgets_values": [
        "Wan2.2-I2V-A14B-Moe-Distill-Lightx2v-High_fp8_scaled.safetensors",
        "default"
      ]
    },
    {
      "id": 6,
      "type": "CLIPTextEncode",
      "pos": [
        600,
        578
      ],
      "size": [
        400,
        200
      ],
      "flags": {},
      "order": 6,
      "mode": 0,
      "inputs": [
        {
          "name": "clip",
          "type": "CLIP",
          "link": 22
        }
      ],
      "outputs": [
        {
          "name": "CONDITIONING",
          "type": "CONDITIONING",
          "links": [
            27
          ]
        }
      ],
      "properties": {
        "cnr_id": "comfy-core",
        "ver": "0.7.0",
        "Node name for S&R": "CLIPTextEncode"
      },
      "widgets_values": [
        "a talking man"
      ]
    },
    {
      "id": 7,
      "type": "CLIPTextEncode",
      "pos": [
        600,
        908
      ],
      "size": [
        400,
        200
      ],
      "flags": {},
      "order": 7,
      "mode": 0,
      "inputs": [
        {
          "name": "clip",
          "type": "CLIP",
          "link": 23
        }
      ],
      "outputs": [
        {
          "name": "CONDITIONING",
          "type": "CONDITIONING",
          "links": [
            28
          ]
        }
      ],
      "properties": {
        "cnr_id": "comfy-core",
        "ver": "0.7.0",
        "Node name for S&R": "CLIPTextEncode"
      },
      "widgets_values": [
        ""
      ]
    },
    {
      "id": 100,
      "type": "CLIPLoader",
      "pos": [
        100,
        672
      ],
      "size": [
        270,
        106
      ],
      "flags": {},
      "order": 1,
      "mode": 0,
      "inputs": [],
      "outputs": [
        {
          "name": "CLIP",
          "type": "CLIP",
          "links": [
            22,
            23
          ]
        }
      ],
      "properties": {
        "cnr_id": "comfy-core",
        "ver": "0.7.0",
        "Node name for S&R": "CLIPLoader"
      },
      "widgets_values": [
        "umt5_xxl_fp8_e4m3fn_scaled.safetensors",
        "wan",
        "default"
      ]
    },
    {
      "id": 101,
      "type": "VAELoader",
      "pos": [
        100,
        908
      ],
      "size": [
        270,
        58
      ],
      "flags": {},
      "order": 2,
      "mode": 0,
      "inputs": [],
      "outputs": [
        {
          "name": "VAE",
          "type": "VAE",
          "links": [
            29,
            40
          ]
        }
      ],
      "properties": {
        "cnr_id": "comfy-core",
        "ver": "0.7.0",
        "Node name for S&R": "VAELoader"
      },
      "widgets_values": [
        "Wan\\wan_2.1_vae.safetensors"
      ]
    },
    {
      "id": 102,
      "type": "ModelSamplingSD3",
      "pos": [
        600,
        130
      ],
      "size": [
        270,
        58
      ],
      "flags": {},
      "order": 5,
      "mode": 0,
      "inputs": [
        {
          "name": "model",
          "type": "MODEL",
          "link": 25
        }
      ],
      "outputs": [
        {
          "name": "MODEL",
          "type": "MODEL",
          "links": [
            31
          ]
        }
      ],
      "properties": {
        "cnr_id": "comfy-core",
        "ver": "0.7.0",
        "Node name for S&R": "ModelSamplingSD3"
      },
      "widgets_values": [
        5
      ]
    },
    {
      "id": 104,
      "type": "WanImageToVideo",
      "pos": [
        1100,
        130
      ],
      "size": [
        270,
        210
      ],
      "flags": {},
      "order": 10,
      "mode": 0,
      "inputs": [
        {
          "name": "positive",
          "type": "CONDITIONING",
          "link": 27
        },
        {
          "name": "negative",
          "type": "CONDITIONING",
          "link": 28
        },
        {
          "name": "vae",
          "type": "VAE",
          "link": 29
        },
        {
          "name": "clip_vision_output",
          "shape": 7,
          "type": "CLIP_VISION_OUTPUT",
          "link": null
        },
        {
          "name": "start_image",
          "shape": 7,
          "type": "IMAGE",
          "link": 30
        }
      ],
      "outputs": [
        {
          "name": "positive",
          "type": "CONDITIONING",
          "links": [
            32,
            37
          ]
        },
        {
          "name": "negative",
          "type": "CONDITIONING",
          "links": [
            33,
            38
          ]
        },
        {
          "name": "latent",
          "type": "LATENT",
          "links": [
            34
          ]
        }
      ],
      "properties": {
        "cnr_id": "comfy-core",
        "ver": "0.7.0",
        "Node name for S&R": "WanImageToVideo"
      },
      "widgets_values": [
        960,
        960,
        81,
        1
      ]
    },
    {
      "id": 105,
      "type": "SwarmKSampler",
      "pos": [
        1470,
        130
      ],
      "size": [
        312.353515625,
        526
      ],
      "flags": {},
      "order": 11,
      "mode": 0,
      "inputs": [
        {
          "name": "model",
          "type": "MODEL",
          "link": 31
        },
        {
          "name": "positive",
          "type": "CONDITIONING",
          "link": 32
        },
        {
          "name": "negative",
          "type": "CONDITIONING",
          "link": 33
        },
        {
          "name": "latent_image",
          "type": "LATENT",
          "link": 34
        }
      ],
      "outputs": [
        {
          "name": "LATENT",
          "type": "LATENT",
          "links": [
            39
          ]
        }
      ],
      "properties": {
        "Node name for S&R": "SwarmKSampler"
      },
      "widgets_values": [
        372853660527350,
        "randomize",
        4,
        1,
        "euler",
        "simple",
        0,
        2,
        0,
        0,
        1000,
        0,
        7,
        "enable",
        "enable",
        "animate",
        false,
        960
      ]
    },
    {
      "id": 106,
      "type": "UNETLoader",
      "pos": [
        100,
        1096
      ],
      "size": [
        270,
        82
      ],
      "flags": {},
      "order": 3,
      "mode": 0,
      "inputs": [],
      "outputs": [
        {
          "name": "MODEL",
          "type": "MODEL",
          "links": [
            35
          ]
        }
      ],
      "properties": {
        "cnr_id": "comfy-core",
        "ver": "0.7.0",
        "Node name for S&R": "UNETLoader"
      },
      "widgets_values": [
        "Wan2.2-I2V-A14B-Moe-Distill-Lightx2v-Low_fp8_scaled.safetensors",
        "default"
      ]
    },
    {
      "id": 107,
      "type": "ModelSamplingSD3",
      "pos": [
        600,
        1238
      ],
      "size": [
        270,
        58
      ],
      "flags": {},
      "order": 8,
      "mode": 0,
      "inputs": [
        {
          "name": "model",
          "type": "MODEL",
          "link": 35
        }
      ],
      "outputs": [
        {
          "name": "MODEL",
          "type": "MODEL",
          "links": [
            36
          ]
        }
      ],
      "properties": {
        "cnr_id": "comfy-core",
        "ver": "0.7.0",
        "Node name for S&R": "ModelSamplingSD3"
      },
      "widgets_values": [
        5
      ]
    },
    {
      "id": 108,
      "type": "SwarmKSampler",
      "pos": [
        1882.353515625,
        130
      ],
      "size": [
        312.353515625,
        526
      ],
      "flags": {},
      "order": 12,
      "mode": 0,
      "inputs": [
        {
          "name": "model",
          "type": "MODEL",
          "link": 36
        },
        {
          "name": "positive",
          "type": "CONDITIONING",
          "link": 37
        },
        {
          "name": "negative",
          "type": "CONDITIONING",
          "link": 38
        },
        {
          "name": "latent_image",
          "type": "LATENT",
          "link": 39
        }
      ],
      "outputs": [
        {
          "name": "LATENT",
          "type": "LATENT",
          "links": [
            41
          ]
        }
      ],
      "properties": {
        "Node name for S&R": "SwarmKSampler"
      },
      "widgets_values": [
        369310607873936,
        "randomize",
        4,
        1,
        "euler",
        "simple",
        2,
        10000,
        0,
        0,
        1000,
        0,
        7,
        "disable",
        "disable",
        "animate",
        false,
        960
      ]
    },
    {
      "id": 109,
      "type": "VAEDecode",
      "pos": [
        2294.70703125,
        130
      ],
      "size": [
        140,
        46
      ],
      "flags": {},
      "order": 13,
      "mode": 0,
      "inputs": [
        {
          "name": "samples",
          "type": "LATENT",
          "link": 41
        },
        {
          "name": "vae",
          "type": "VAE",
          "link": 40
        }
      ],
      "outputs": [
        {
          "name": "IMAGE",
          "type": "IMAGE",
          "links": [
            42
          ]
        }
      ],
      "properties": {
        "cnr_id": "comfy-core",
        "ver": "0.7.0",
        "Node name for S&R": "VAEDecode"
      },
      "widgets_values": []
    },
    {
      "id": 110,
      "type": "RIFE VFI",
      "pos": [
        2534.70703125,
        130
      ],
      "size": [
        362.91953125,
        198
      ],
      "flags": {},
      "order": 14,
      "mode": 0,
      "inputs": [
        {
          "name": "frames",
          "type": "IMAGE",
          "link": 42
        },
        {
          "name": "optional_interpolation_states",
          "shape": 7,
          "type": "INTERPOLATION_STATES",
          "link": null
        }
      ],
      "outputs": [
        {
          "name": "IMAGE",
          "type": "IMAGE",
          "links": [
            44
          ]
        }
      ],
      "properties": {
        "cnr_id": "comfyui-frame-interpolation",
        "ver": "a969c01dbccd9e5510641be04eb51fe93f6bfc3d",
        "Node name for S&R": "RIFE VFI"
      },
      "widgets_values": [
        "rife47.pth",
        10,
        2,
        true,
        true,
        1
      ]
    },
    {
      "id": 111,
      "type": "CreateVideo",
      "pos": [
        2970.7836022624206,
        128.4228398549928
      ],
      "size": [
        270,
        78
      ],
      "flags": {},
      "order": 15,
      "mode": 0,
      "inputs": [
        {
          "name": "images",
          "type": "IMAGE",
          "link": 44
        },
        {
          "name": "audio",
          "shape": 7,
          "type": "AUDIO",
          "link": null
        }
      ],
      "outputs": [
        {
          "name": "VIDEO",
          "type": "VIDEO",
          "links": [
            43
          ]
        }
      ],
      "properties": {
        "cnr_id": "comfy-core",
        "ver": "0.7.0",
        "Node name for S&R": "CreateVideo"
      },
      "widgets_values": [
        32
      ]
    },
    {
      "id": 103,
      "type": "ImageScale",
      "pos": [
        600,
        318
      ],
      "size": [
        270,
        130
      ],
      "flags": {},
      "order": 9,
      "mode": 0,
      "inputs": [
        {
          "name": "image",
          "type": "IMAGE",
          "link": 45
        }
      ],
      "outputs": [
        {
          "name": "IMAGE",
          "type": "IMAGE",
          "links": [
            30
          ]
        }
      ],
      "properties": {
        "cnr_id": "comfy-core",
        "ver": "0.7.0",
        "Node name for S&R": "ImageScale"
      },
      "widgets_values": [
        "lanczos",
        960,
        960,
        "disabled"
      ]
    },
    {
      "id": 113,
      "type": "LoadImage",
      "pos": [
        112.87728713729852,
        285.04512901667505
      ],
      "size": [
        282.798828125,
        314.00000000000006
      ],
      "flags": {},
      "order": 4,
      "mode": 0,
      "inputs": [],
      "outputs": [
        {
          "name": "IMAGE",
          "type": "IMAGE",
          "links": [
            45
          ]
        },
        {
          "name": "MASK",
          "type": "MASK",
          "links": null
        }
      ],
      "properties": {
        "cnr_id": "comfy-core",
        "ver": "0.7.0",
        "Node name for S&R": "LoadImage"
      },
      "widgets_values": [
        "0_65 (1).png",
        "image"
      ]
    },
    {
      "id": 112,
      "type": "SaveVideo",
      "pos": [
        3398.0932130595397,
        121.8722165655031
      ],
      "size": [
        804.1747045776365,
        902.1747045776365
      ],
      "flags": {},
      "order": 16,
      "mode": 0,
      "inputs": [
        {
          "name": "video",
          "type": "VIDEO",
          "link": 43
        }
      ],
      "outputs": [],
      "properties": {
        "cnr_id": "comfy-core",
        "ver": "0.7.0"
      },
      "widgets_values": [
        "video/ComfyUI",
        "auto",
        "auto"
      ]
    }
  ],
  "links": [
    [
      22,
      100,
      0,
      6,
      0,
      "CLIP"
    ],
    [
      23,
      100,
      0,
      7,
      0,
      "CLIP"
    ],
    [
      25,
      4,
      0,
      102,
      0,
      "MODEL"
    ],
    [
      27,
      6,
      0,
      104,
      0,
      "CONDITIONING"
    ],
    [
      28,
      7,
      0,
      104,
      1,
      "CONDITIONING"
    ],
    [
      29,
      101,
      0,
      104,
      2,
      "VAE"
    ],
    [
      30,
      103,
      0,
      104,
      4,
      "IMAGE"
    ],
    [
      31,
      102,
      0,
      105,
      0,
      "MODEL"
    ],
    [
      32,
      104,
      0,
      105,
      1,
      "CONDITIONING"
    ],
    [
      33,
      104,
      1,
      105,
      2,
      "CONDITIONING"
    ],
    [
      34,
      104,
      2,
      105,
      3,
      "LATENT"
    ],
    [
      35,
      106,
      0,
      107,
      0,
      "MODEL"
    ],
    [
      36,
      107,
      0,
      108,
      0,
      "MODEL"
    ],
    [
      37,
      104,
      0,
      108,
      1,
      "CONDITIONING"
    ],
    [
      38,
      104,
      1,
      108,
      2,
      "CONDITIONING"
    ],
    [
      39,
      105,
      0,
      108,
      3,
      "LATENT"
    ],
    [
      40,
      101,
      0,
      109,
      1,
      "VAE"
    ],
    [
      41,
      108,
      0,
      109,
      0,
      "LATENT"
    ],
    [
      42,
      109,
      0,
      110,
      0,
      "IMAGE"
    ],
    [
      43,
      111,
      0,
      112,
      0,
      "VIDEO"
    ],
    [
      44,
      110,
      0,
      111,
      0,
      "IMAGE"
    ],
    [
      45,
      113,
      0,
      103,
      0,
      "IMAGE"
    ]
  ],
  "groups": [],
  "config": {},
  "extra": {
    "ds": {
      "scale": 0.7513148009015778,
      "offset": [
        -1636.8680110752869,
        160.52068030949687
      ]
    },
    "frontendVersion": "1.34.9",
    "workflowRendererVersion": "LG"
  },
  "version": 0.4
}