{
  "id": "00000000-0000-0000-0000-000000000000",
  "revision": 0,
  "last_node_id": 3003,
  "last_link_id": 40,
  "nodes": [
    {
      "id": 4,
      "type": "UNETLoader",
      "pos": [
        100,
        130
      ],
      "size": [
        270,
        82
      ],
      "flags": {},
      "order": 0,
      "mode": 0,
      "inputs": [],
      "outputs": [
        {
          "name": "MODEL",
          "type": "MODEL",
          "links": [
            33
          ]
        }
      ],
      "properties": {
        "cnr_id": "comfy-core",
        "ver": "0.7.0",
        "Node name for S&R": "UNETLoader"
      },
      "widgets_values": [
        "wan2.2_t2v_high_noise_14B_fp8_scaled.safetensors",
        "default"
      ]
    },
    {
      "id": 5,
      "type": "EmptyHunyuanLatentVideo",
      "pos": [
        100,
        342
      ],
      "size": [
        309.6197265625,
        130
      ],
      "flags": {},
      "order": 1,
      "mode": 0,
      "inputs": [],
      "outputs": [
        {
          "name": "LATENT",
          "type": "LATENT",
          "links": [
            28
          ]
        }
      ],
      "properties": {
        "cnr_id": "comfy-core",
        "ver": "0.7.0",
        "Node name for S&R": "EmptyHunyuanLatentVideo"
      },
      "widgets_values": [
        960,
        960,
        81,
        1
      ]
    },
    {
      "id": 8,
      "type": "VAEDecode",
      "pos": [
        2204.3267578125,
        130
      ],
      "size": [
        140,
        46
      ],
      "flags": {},
      "order": 13,
      "mode": 0,
      "inputs": [
        {
          "name": "samples",
          "type": "LATENT",
          "link": 23
        },
        {
          "name": "vae",
          "type": "VAE",
          "link": 22
        }
      ],
      "outputs": [
        {
          "name": "IMAGE",
          "type": "IMAGE",
          "links": [
            35
          ]
        }
      ],
      "properties": {
        "cnr_id": "comfy-core",
        "ver": "0.7.0",
        "Node name for S&R": "VAEDecode"
      },
      "widgets_values": []
    },
    {
      "id": 10,
      "type": "SwarmKSampler",
      "pos": [
        1379.6197265625,
        130
      ],
      "size": [
        312.353515625,
        526
      ],
      "flags": {},
      "order": 11,
      "mode": 0,
      "inputs": [
        {
          "name": "model",
          "type": "MODEL",
          "link": 25
        },
        {
          "name": "positive",
          "type": "CONDITIONING",
          "link": 26
        },
        {
          "name": "negative",
          "type": "CONDITIONING",
          "link": 27
        },
        {
          "name": "latent_image",
          "type": "LATENT",
          "link": 28
        }
      ],
      "outputs": [
        {
          "name": "LATENT",
          "type": "LATENT",
          "links": [
            32
          ]
        }
      ],
      "properties": {
        "Node name for S&R": "SwarmKSampler"
      },
      "widgets_values": [
        320667687511030,
        "randomize",
        4,
        1,
        "euler",
        "simple",
        0,
        2,
        0,
        0,
        -1,
        -1,
        7,
        "enable",
        "disable",
        "animate",
        false,
        960
      ]
    },
    {
      "id": 20,
      "type": "UNETLoader",
      "pos": [
        100,
        602
      ],
      "size": [
        270,
        82
      ],
      "flags": {},
      "order": 2,
      "mode": 0,
      "inputs": [],
      "outputs": [
        {
          "name": "MODEL",
          "type": "MODEL",
          "links": [
            34
          ]
        }
      ],
      "properties": {
        "cnr_id": "comfy-core",
        "ver": "0.7.0",
        "Node name for S&R": "UNETLoader"
      },
      "widgets_values": [
        "wan2.2_t2v_low_noise_14B_fp8_scaled.safetensors",
        "default"
      ]
    },
    {
      "id": 23,
      "type": "SwarmKSampler",
      "pos": [
        1791.9732421875,
        130
      ],
      "size": [
        312.353515625,
        526
      ],
      "flags": {},
      "order": 12,
      "mode": 0,
      "inputs": [
        {
          "name": "model",
          "type": "MODEL",
          "link": 29
        },
        {
          "name": "positive",
          "type": "CONDITIONING",
          "link": 30
        },
        {
          "name": "negative",
          "type": "CONDITIONING",
          "link": 31
        },
        {
          "name": "latent_image",
          "type": "LATENT",
          "link": 32
        }
      ],
      "outputs": [
        {
          "name": "LATENT",
          "type": "LATENT",
          "links": [
            23
          ]
        }
      ],
      "properties": {
        "Node name for S&R": "SwarmKSampler"
      },
      "widgets_values": [
        487188218659292,
        "randomize",
        4,
        1,
        "euler",
        "simple",
        2,
        10000,
        0,
        0,
        -1,
        -1,
        7,
        "enable",
        "disable",
        "animate",
        false,
        1280
      ]
    },
    {
      "id": 100,
      "type": "CLIPLoader",
      "pos": [
        100,
        814
      ],
      "size": [
        270,
        106
      ],
      "flags": {},
      "order": 3,
      "mode": 0,
      "inputs": [],
      "outputs": [
        {
          "name": "CLIP",
          "type": "CLIP",
          "links": [
            20,
            21
          ]
        }
      ],
      "properties": {
        "cnr_id": "comfy-core",
        "ver": "0.7.0",
        "Node name for S&R": "CLIPLoader"
      },
      "widgets_values": [
        "umt5_xxl_fp8_e4m3fn_scaled.safetensors",
        "wan",
        "default"
      ]
    },
    {
      "id": 101,
      "type": "VAELoader",
      "pos": [
        100,
        1050
      ],
      "size": [
        270,
        58
      ],
      "flags": {},
      "order": 4,
      "mode": 0,
      "inputs": [],
      "outputs": [
        {
          "name": "VAE",
          "type": "VAE",
          "links": [
            22
          ]
        }
      ],
      "properties": {
        "cnr_id": "comfy-core",
        "ver": "0.7.0",
        "Node name for S&R": "VAELoader"
      },
      "widgets_values": [
        "Wan\\wan_2.1_vae.safetensors"
      ]
    },
    {
      "id": 102,
      "type": "ModelSamplingSD3",
      "pos": [
        509.6197265625,
        130
      ],
      "size": [
        270,
        58
      ],
      "flags": {},
      "order": 5,
      "mode": 0,
      "inputs": [
        {
          "name": "model",
          "type": "MODEL",
          "link": 33
        }
      ],
      "outputs": [
        {
          "name": "MODEL",
          "type": "MODEL",
          "links": [
            37
          ]
        }
      ],
      "properties": {
        "cnr_id": "comfy-core",
        "ver": "0.7.0",
        "Node name for S&R": "ModelSamplingSD3"
      },
      "widgets_values": [
        5
      ]
    },
    {
      "id": 103,
      "type": "ModelSamplingSD3",
      "pos": [
        509.6197265625,
        318
      ],
      "size": [
        270,
        58
      ],
      "flags": {},
      "order": 6,
      "mode": 0,
      "inputs": [
        {
          "name": "model",
          "type": "MODEL",
          "link": 34
        }
      ],
      "outputs": [
        {
          "name": "MODEL",
          "type": "MODEL",
          "links": [
            38
          ]
        }
      ],
      "properties": {
        "cnr_id": "comfy-core",
        "ver": "0.7.0",
        "Node name for S&R": "ModelSamplingSD3"
      },
      "widgets_values": [
        5
      ]
    },
    {
      "id": 104,
      "type": "SwarmTrimFrames",
      "pos": [
        2444.3267578125,
        130
      ],
      "size": [
        270,
        82
      ],
      "flags": {},
      "order": 14,
      "mode": 0,
      "inputs": [
        {
          "name": "image",
          "type": "IMAGE",
          "link": 35
        }
      ],
      "outputs": [
        {
          "name": "IMAGE",
          "type": "IMAGE",
          "links": [
            36
          ]
        }
      ],
      "properties": {
        "Node name for S&R": "SwarmTrimFrames"
      },
      "widgets_values": [
        4,
        0
      ]
    },
    {
      "id": 105,
      "type": "RIFE VFI",
      "pos": [
        2814.3267578125,
        130
      ],
      "size": [
        362.91953125,
        198
      ],
      "flags": {},
      "order": 15,
      "mode": 0,
      "inputs": [
        {
          "name": "frames",
          "type": "IMAGE",
          "link": 36
        },
        {
          "name": "optional_interpolation_states",
          "shape": 7,
          "type": "INTERPOLATION_STATES",
          "link": null
        }
      ],
      "outputs": [
        {
          "name": "IMAGE",
          "type": "IMAGE",
          "links": [
            40
          ]
        }
      ],
      "properties": {
        "cnr_id": "comfyui-frame-interpolation",
        "ver": "a969c01dbccd9e5510641be04eb51fe93f6bfc3d",
        "Node name for S&R": "RIFE VFI"
      },
      "widgets_values": [
        "rife47.pth",
        10,
        2,
        true,
        true,
        1
      ]
    },
    {
      "id": 3000,
      "type": "LoraLoaderModelOnly",
      "pos": [
        1009.6197265625,
        130
      ],
      "size": [
        270,
        82
      ],
      "flags": {},
      "order": 9,
      "mode": 0,
      "inputs": [
        {
          "name": "model",
          "type": "MODEL",
          "link": 37
        }
      ],
      "outputs": [
        {
          "name": "MODEL",
          "type": "MODEL",
          "links": [
            25
          ]
        }
      ],
      "properties": {
        "cnr_id": "comfy-core",
        "ver": "0.7.0",
        "Node name for S&R": "LoraLoaderModelOnly"
      },
      "widgets_values": [
        "Wan2.2_T2V_High_Noise_Lightx2v_4steps_LoRA_1217.safetensors",
        1
      ]
    },
    {
      "id": 3001,
      "type": "LoraLoaderModelOnly",
      "pos": [
        1009.6197265625,
        342
      ],
      "size": [
        270,
        82
      ],
      "flags": {},
      "order": 10,
      "mode": 0,
      "inputs": [
        {
          "name": "model",
          "type": "MODEL",
          "link": 38
        }
      ],
      "outputs": [
        {
          "name": "MODEL",
          "type": "MODEL",
          "links": [
            29
          ]
        }
      ],
      "properties": {
        "cnr_id": "comfy-core",
        "ver": "0.7.0",
        "Node name for S&R": "LoraLoaderModelOnly"
      },
      "widgets_values": [
        "Wan2.2_T2V_Low_Noise_Lightx2v_4steps_LoRA_1217.safetensors",
        1
      ]
    },
    {
      "id": 3002,
      "type": "CreateVideo",
      "pos": [
        3288.624673924292,
        125.53903153628147
      ],
      "size": [
        270,
        78
      ],
      "flags": {},
      "order": 16,
      "mode": 0,
      "inputs": [
        {
          "name": "images",
          "type": "IMAGE",
          "link": 40
        },
        {
          "name": "audio",
          "shape": 7,
          "type": "AUDIO",
          "link": null
        }
      ],
      "outputs": [
        {
          "name": "VIDEO",
          "type": "VIDEO",
          "links": [
            39
          ]
        }
      ],
      "properties": {
        "cnr_id": "comfy-core",
        "ver": "0.7.0",
        "Node name for S&R": "CreateVideo"
      },
      "widgets_values": [
        32
      ]
    },
    {
      "id": 6,
      "type": "CLIPTextEncode",
      "pos": [
        509.6197265625,
        506
      ],
      "size": [
        400,
        200
      ],
      "flags": {},
      "order": 7,
      "mode": 0,
      "inputs": [
        {
          "name": "clip",
          "type": "CLIP",
          "link": 20
        }
      ],
      "outputs": [
        {
          "name": "CONDITIONING",
          "type": "CONDITIONING",
          "links": [
            26,
            30
          ]
        }
      ],
      "properties": {
        "cnr_id": "comfy-core",
        "ver": "0.7.0",
        "Node name for S&R": "CLIPTextEncode"
      },
      "widgets_values": [
        "a super fast car moving on a high road"
      ]
    },
    {
      "id": 7,
      "type": "CLIPTextEncode",
      "pos": [
        509.6197265625,
        836
      ],
      "size": [
        400,
        200
      ],
      "flags": {},
      "order": 8,
      "mode": 0,
      "inputs": [
        {
          "name": "clip",
          "type": "CLIP",
          "link": 21
        }
      ],
      "outputs": [
        {
          "name": "CONDITIONING",
          "type": "CONDITIONING",
          "links": [
            27,
            31
          ]
        }
      ],
      "properties": {
        "cnr_id": "comfy-core",
        "ver": "0.7.0",
        "Node name for S&R": "CLIPTextEncode"
      },
      "widgets_values": [
        ""
      ]
    },
    {
      "id": 3003,
      "type": "SaveVideo",
      "pos": [
        3673.181108940162,
        95.5950515268211
      ],
      "size": [
        804.1747045776365,
        902.1747045776365
      ],
      "flags": {},
      "order": 17,
      "mode": 0,
      "inputs": [
        {
          "name": "video",
          "type": "VIDEO",
          "link": 39
        }
      ],
      "outputs": [],
      "properties": {
        "cnr_id": "comfy-core",
        "ver": "0.7.0"
      },
      "widgets_values": [
        "video/ComfyUI",
        "auto",
        "auto"
      ]
    }
  ],
  "links": [
    [
      20,
      100,
      0,
      6,
      0,
      "CLIP"
    ],
    [
      21,
      100,
      0,
      7,
      0,
      "CLIP"
    ],
    [
      22,
      101,
      0,
      8,
      1,
      "VAE"
    ],
    [
      23,
      23,
      0,
      8,
      0,
      "LATENT"
    ],
    [
      25,
      3000,
      0,
      10,
      0,
      "MODEL"
    ],
    [
      26,
      6,
      0,
      10,
      1,
      "CONDITIONING"
    ],
    [
      27,
      7,
      0,
      10,
      2,
      "CONDITIONING"
    ],
    [
      28,
      5,
      0,
      10,
      3,
      "LATENT"
    ],
    [
      29,
      3001,
      0,
      23,
      0,
      "MODEL"
    ],
    [
      30,
      6,
      0,
      23,
      1,
      "CONDITIONING"
    ],
    [
      31,
      7,
      0,
      23,
      2,
      "CONDITIONING"
    ],
    [
      32,
      10,
      0,
      23,
      3,
      "LATENT"
    ],
    [
      33,
      4,
      0,
      102,
      0,
      "MODEL"
    ],
    [
      34,
      20,
      0,
      103,
      0,
      "MODEL"
    ],
    [
      35,
      8,
      0,
      104,
      0,
      "IMAGE"
    ],
    [
      36,
      104,
      0,
      105,
      0,
      "IMAGE"
    ],
    [
      37,
      102,
      0,
      3000,
      0,
      "MODEL"
    ],
    [
      38,
      103,
      0,
      3001,
      0,
      "MODEL"
    ],
    [
      39,
      3002,
      0,
      3003,
      0,
      "VIDEO"
    ],
    [
      40,
      105,
      0,
      3002,
      0,
      "IMAGE"
    ]
  ],
  "groups": [],
  "config": {},
  "extra": {
    "ds": {
      "scale": 0.6830134553650705,
      "offset": [
        -1270.3044409231918,
        283.4516452779888
      ]
    },
    "frontendVersion": "1.34.9",
    "workflowRendererVersion": "LG"
  },
  "version": 0.4
}