{
  "id": "00000000-0000-0000-0000-000000000000",
  "revision": 0,
  "last_node_id": 103,
  "last_link_id": 21,
  "nodes": [
    {
      "id": 4,
      "type": "UNETLoader",
      "pos": [
        100,
        130
      ],
      "size": [
        270,
        82
      ],
      "flags": {},
      "order": 0,
      "mode": 0,
      "inputs": [],
      "outputs": [
        {
          "name": "MODEL",
          "type": "MODEL",
          "links": [
            20
          ]
        }
      ],
      "properties": {
        "cnr_id": "comfy-core",
        "ver": "0.7.0",
        "Node name for S&R": "UNETLoader"
      },
      "widgets_values": [
        "wan2.2_t2v_low_noise_14B_fp8_scaled.safetensors",
        "default"
      ]
    },
    {
      "id": 6,
      "type": "CLIPTextEncode",
      "pos": [
        509.6197265625,
        318
      ],
      "size": [
        400,
        200
      ],
      "flags": {},
      "order": 5,
      "mode": 0,
      "inputs": [
        {
          "name": "clip",
          "type": "CLIP",
          "link": 11
        }
      ],
      "outputs": [
        {
          "name": "CONDITIONING",
          "type": "CONDITIONING",
          "links": [
            17
          ]
        }
      ],
      "properties": {
        "cnr_id": "comfy-core",
        "ver": "0.7.0",
        "Node name for S&R": "CLIPTextEncode"
      },
      "widgets_values": [
        "super fast car"
      ]
    },
    {
      "id": 7,
      "type": "CLIPTextEncode",
      "pos": [
        509.6197265625,
        648
      ],
      "size": [
        400,
        200
      ],
      "flags": {},
      "order": 6,
      "mode": 0,
      "inputs": [
        {
          "name": "clip",
          "type": "CLIP",
          "link": 12
        }
      ],
      "outputs": [
        {
          "name": "CONDITIONING",
          "type": "CONDITIONING",
          "links": [
            18
          ]
        }
      ],
      "properties": {
        "cnr_id": "comfy-core",
        "ver": "0.7.0",
        "Node name for S&R": "CLIPTextEncode"
      },
      "widgets_values": [
        ""
      ]
    },
    {
      "id": 10,
      "type": "SwarmKSampler",
      "pos": [
        1009.6197265625,
        130
      ],
      "size": [
        312.353515625,
        526
      ],
      "flags": {},
      "order": 7,
      "mode": 0,
      "inputs": [
        {
          "name": "model",
          "type": "MODEL",
          "link": 16
        },
        {
          "name": "positive",
          "type": "CONDITIONING",
          "link": 17
        },
        {
          "name": "negative",
          "type": "CONDITIONING",
          "link": 18
        },
        {
          "name": "latent_image",
          "type": "LATENT",
          "link": 19
        }
      ],
      "outputs": [
        {
          "name": "LATENT",
          "type": "LATENT",
          "links": [
            14
          ]
        }
      ],
      "properties": {
        "Node name for S&R": "SwarmKSampler"
      },
      "widgets_values": [
        694380039610797,
        "randomize",
        20,
        2.5,
        "res_2s_ode",
        "bong_tangent",
        0,
        10000,
        0,
        0,
        -1,
        -1,
        7,
        "enable",
        "disable",
        "animate",
        false,
        1280
      ]
    },
    {
      "id": 100,
      "type": "CLIPLoader",
      "pos": [
        100,
        602
      ],
      "size": [
        270,
        106
      ],
      "flags": {},
      "order": 1,
      "mode": 0,
      "inputs": [],
      "outputs": [
        {
          "name": "CLIP",
          "type": "CLIP",
          "links": [
            11,
            12
          ]
        }
      ],
      "properties": {
        "cnr_id": "comfy-core",
        "ver": "0.7.0",
        "Node name for S&R": "CLIPLoader"
      },
      "widgets_values": [
        "umt5_xxl_fp8_e4m3fn_scaled.safetensors",
        "wan",
        "default"
      ]
    },
    {
      "id": 101,
      "type": "VAELoader",
      "pos": [
        100,
        838
      ],
      "size": [
        270,
        58
      ],
      "flags": {},
      "order": 2,
      "mode": 0,
      "inputs": [],
      "outputs": [
        {
          "name": "VAE",
          "type": "VAE",
          "links": [
            13
          ]
        }
      ],
      "properties": {
        "cnr_id": "comfy-core",
        "ver": "0.7.0",
        "Node name for S&R": "VAELoader"
      },
      "widgets_values": [
        "Wan\\wan_2.1_vae.safetensors"
      ]
    },
    {
      "id": 102,
      "type": "ModelSamplingSD3",
      "pos": [
        509.6197265625,
        130
      ],
      "size": [
        270,
        58
      ],
      "flags": {},
      "order": 4,
      "mode": 0,
      "inputs": [
        {
          "name": "model",
          "type": "MODEL",
          "link": 20
        }
      ],
      "outputs": [
        {
          "name": "MODEL",
          "type": "MODEL",
          "links": [
            16
          ]
        }
      ],
      "properties": {
        "cnr_id": "comfy-core",
        "ver": "0.7.0",
        "Node name for S&R": "ModelSamplingSD3"
      },
      "widgets_values": [
        8
      ]
    },
    {
      "id": 8,
      "type": "VAEDecode",
      "pos": [
        1421.9732421875,
        130
      ],
      "size": [
        140,
        46
      ],
      "flags": {},
      "order": 8,
      "mode": 0,
      "inputs": [
        {
          "name": "samples",
          "type": "LATENT",
          "link": 14
        },
        {
          "name": "vae",
          "type": "VAE",
          "link": 13
        }
      ],
      "outputs": [
        {
          "name": "IMAGE",
          "type": "IMAGE",
          "links": [
            21
          ]
        }
      ],
      "properties": {
        "cnr_id": "comfy-core",
        "ver": "0.7.0",
        "Node name for S&R": "VAEDecode"
      },
      "widgets_values": []
    },
    {
      "id": 103,
      "type": "SaveImage",
      "pos": [
        1735.122188548584,
        123.77412485198992
      ],
      "size": [
        761.3335571289065,
        687.1999630737304
      ],
      "flags": {},
      "order": 9,
      "mode": 0,
      "inputs": [
        {
          "name": "images",
          "type": "IMAGE",
          "link": 21
        }
      ],
      "outputs": [],
      "properties": {
        "cnr_id": "comfy-core",
        "ver": "0.7.0"
      },
      "widgets_values": [
        "ComfyUI"
      ]
    },
    {
      "id": 5,
      "type": "EmptyHunyuanLatentVideo",
      "pos": [
        100,
        342
      ],
      "size": [
        309.6197265625,
        130
      ],
      "flags": {},
      "order": 3,
      "mode": 0,
      "inputs": [],
      "outputs": [
        {
          "name": "LATENT",
          "type": "LATENT",
          "links": [
            19
          ]
        }
      ],
      "properties": {
        "cnr_id": "comfy-core",
        "ver": "0.7.0",
        "Node name for S&R": "EmptyHunyuanLatentVideo"
      },
      "widgets_values": [
        1328,
        1328,
        1,
        1
      ]
    }
  ],
  "links": [
    [
      11,
      100,
      0,
      6,
      0,
      "CLIP"
    ],
    [
      12,
      100,
      0,
      7,
      0,
      "CLIP"
    ],
    [
      13,
      101,
      0,
      8,
      1,
      "VAE"
    ],
    [
      14,
      10,
      0,
      8,
      0,
      "LATENT"
    ],
    [
      16,
      102,
      0,
      10,
      0,
      "MODEL"
    ],
    [
      17,
      6,
      0,
      10,
      1,
      "CONDITIONING"
    ],
    [
      18,
      7,
      0,
      10,
      2,
      "CONDITIONING"
    ],
    [
      19,
      5,
      0,
      10,
      3,
      "LATENT"
    ],
    [
      20,
      4,
      0,
      102,
      0,
      "MODEL"
    ],
    [
      21,
      8,
      0,
      103,
      0,
      "IMAGE"
    ]
  ],
  "groups": [],
  "config": {},
  "extra": {
    "ds": {
      "scale": 0.8264462809917356,
      "offset": [
        -1.5222355456548538,
        115.65933324737544
      ]
    },
    "frontendVersion": "1.34.9",
    "workflowRendererVersion": "LG"
  },
  "version": 0.4
}