{
  "id": "00000000-0000-0000-0000-000000000000",
  "revision": 0,
  "last_node_id": 114,
  "last_link_id": 47,
  "nodes": [
    {
      "id": 4,
      "type": "UNETLoader",
      "pos": [
        100,
        130
      ],
      "size": [
        270,
        82
      ],
      "flags": {},
      "order": 0,
      "mode": 0,
      "inputs": [],
      "outputs": [
        {
          "name": "MODEL",
          "type": "MODEL",
          "links": [
            26
          ]
        }
      ],
      "properties": {
        "cnr_id": "comfy-core",
        "ver": "0.7.0",
        "Node name for S&R": "UNETLoader"
      },
      "widgets_values": [
        "wan2.2_i2v_high_noise_14B_fp8_scaled.safetensors",
        "default"
      ]
    },
    {
      "id": 6,
      "type": "CLIPTextEncode",
      "pos": [
        600,
        578
      ],
      "size": [
        400,
        200
      ],
      "flags": {},
      "order": 6,
      "mode": 0,
      "inputs": [
        {
          "name": "clip",
          "type": "CLIP",
          "link": 23
        }
      ],
      "outputs": [
        {
          "name": "CONDITIONING",
          "type": "CONDITIONING",
          "links": [
            28
          ]
        }
      ],
      "properties": {
        "cnr_id": "comfy-core",
        "ver": "0.7.0",
        "Node name for S&R": "CLIPTextEncode"
      },
      "widgets_values": [
        "a talking man"
      ]
    },
    {
      "id": 7,
      "type": "CLIPTextEncode",
      "pos": [
        600,
        908
      ],
      "size": [
        400,
        200
      ],
      "flags": {},
      "order": 7,
      "mode": 0,
      "inputs": [
        {
          "name": "clip",
          "type": "CLIP",
          "link": 24
        }
      ],
      "outputs": [
        {
          "name": "CONDITIONING",
          "type": "CONDITIONING",
          "links": [
            29
          ]
        }
      ],
      "properties": {
        "cnr_id": "comfy-core",
        "ver": "0.7.0",
        "Node name for S&R": "CLIPTextEncode"
      },
      "widgets_values": [
        ""
      ]
    },
    {
      "id": 100,
      "type": "CLIPLoader",
      "pos": [
        100,
        672
      ],
      "size": [
        270,
        106
      ],
      "flags": {},
      "order": 1,
      "mode": 0,
      "inputs": [],
      "outputs": [
        {
          "name": "CLIP",
          "type": "CLIP",
          "links": [
            23,
            24
          ]
        }
      ],
      "properties": {
        "cnr_id": "comfy-core",
        "ver": "0.7.0",
        "Node name for S&R": "CLIPLoader"
      },
      "widgets_values": [
        "umt5_xxl_fp8_e4m3fn_scaled.safetensors",
        "wan",
        "default"
      ]
    },
    {
      "id": 101,
      "type": "VAELoader",
      "pos": [
        100,
        908
      ],
      "size": [
        270,
        58
      ],
      "flags": {},
      "order": 2,
      "mode": 0,
      "inputs": [],
      "outputs": [
        {
          "name": "VAE",
          "type": "VAE",
          "links": [
            30,
            41
          ]
        }
      ],
      "properties": {
        "cnr_id": "comfy-core",
        "ver": "0.7.0",
        "Node name for S&R": "VAELoader"
      },
      "widgets_values": [
        "Wan\\wan_2.1_vae.safetensors"
      ]
    },
    {
      "id": 102,
      "type": "ModelSamplingSD3",
      "pos": [
        600,
        130
      ],
      "size": [
        270,
        58
      ],
      "flags": {},
      "order": 5,
      "mode": 0,
      "inputs": [
        {
          "name": "model",
          "type": "MODEL",
          "link": 26
        }
      ],
      "outputs": [
        {
          "name": "MODEL",
          "type": "MODEL",
          "links": [
            32
          ]
        }
      ],
      "properties": {
        "cnr_id": "comfy-core",
        "ver": "0.7.0",
        "Node name for S&R": "ModelSamplingSD3"
      },
      "widgets_values": [
        5
      ]
    },
    {
      "id": 103,
      "type": "ImageScale",
      "pos": [
        600,
        318
      ],
      "size": [
        270,
        130
      ],
      "flags": {},
      "order": 9,
      "mode": 0,
      "inputs": [
        {
          "name": "image",
          "type": "IMAGE",
          "link": 45
        }
      ],
      "outputs": [
        {
          "name": "IMAGE",
          "type": "IMAGE",
          "links": [
            31
          ]
        }
      ],
      "properties": {
        "cnr_id": "comfy-core",
        "ver": "0.7.0",
        "Node name for S&R": "ImageScale"
      },
      "widgets_values": [
        "lanczos",
        960,
        960,
        "disabled"
      ]
    },
    {
      "id": 104,
      "type": "WanImageToVideo",
      "pos": [
        1100,
        130
      ],
      "size": [
        270,
        210
      ],
      "flags": {},
      "order": 10,
      "mode": 0,
      "inputs": [
        {
          "name": "positive",
          "type": "CONDITIONING",
          "link": 28
        },
        {
          "name": "negative",
          "type": "CONDITIONING",
          "link": 29
        },
        {
          "name": "vae",
          "type": "VAE",
          "link": 30
        },
        {
          "name": "clip_vision_output",
          "shape": 7,
          "type": "CLIP_VISION_OUTPUT",
          "link": null
        },
        {
          "name": "start_image",
          "shape": 7,
          "type": "IMAGE",
          "link": 31
        }
      ],
      "outputs": [
        {
          "name": "positive",
          "type": "CONDITIONING",
          "links": [
            33,
            38
          ]
        },
        {
          "name": "negative",
          "type": "CONDITIONING",
          "links": [
            34,
            39
          ]
        },
        {
          "name": "latent",
          "type": "LATENT",
          "links": [
            35
          ]
        }
      ],
      "properties": {
        "cnr_id": "comfy-core",
        "ver": "0.7.0",
        "Node name for S&R": "WanImageToVideo"
      },
      "widgets_values": [
        960,
        960,
        81,
        1
      ]
    },
    {
      "id": 105,
      "type": "SwarmKSampler",
      "pos": [
        1470,
        130
      ],
      "size": [
        312.353515625,
        526
      ],
      "flags": {},
      "order": 11,
      "mode": 0,
      "inputs": [
        {
          "name": "model",
          "type": "MODEL",
          "link": 32
        },
        {
          "name": "positive",
          "type": "CONDITIONING",
          "link": 33
        },
        {
          "name": "negative",
          "type": "CONDITIONING",
          "link": 34
        },
        {
          "name": "latent_image",
          "type": "LATENT",
          "link": 35
        }
      ],
      "outputs": [
        {
          "name": "LATENT",
          "type": "LATENT",
          "links": [
            40
          ]
        }
      ],
      "properties": {
        "Node name for S&R": "SwarmKSampler"
      },
      "widgets_values": [
        953881423276403,
        "randomize",
        20,
        3.5,
        "uni_pc",
        "normal",
        0,
        10,
        0,
        0,
        1000,
        0,
        7,
        "enable",
        "enable",
        "animate",
        false,
        960
      ]
    },
    {
      "id": 106,
      "type": "UNETLoader",
      "pos": [
        100,
        1096
      ],
      "size": [
        270,
        82
      ],
      "flags": {},
      "order": 3,
      "mode": 0,
      "inputs": [],
      "outputs": [
        {
          "name": "MODEL",
          "type": "MODEL",
          "links": [
            36
          ]
        }
      ],
      "properties": {
        "cnr_id": "comfy-core",
        "ver": "0.7.0",
        "Node name for S&R": "UNETLoader"
      },
      "widgets_values": [
        "wan2.2_i2v_low_noise_14B_fp8_scaled.safetensors",
        "default"
      ]
    },
    {
      "id": 107,
      "type": "ModelSamplingSD3",
      "pos": [
        600,
        1238
      ],
      "size": [
        270,
        58
      ],
      "flags": {},
      "order": 8,
      "mode": 0,
      "inputs": [
        {
          "name": "model",
          "type": "MODEL",
          "link": 36
        }
      ],
      "outputs": [
        {
          "name": "MODEL",
          "type": "MODEL",
          "links": [
            37
          ]
        }
      ],
      "properties": {
        "cnr_id": "comfy-core",
        "ver": "0.7.0",
        "Node name for S&R": "ModelSamplingSD3"
      },
      "widgets_values": [
        5
      ]
    },
    {
      "id": 108,
      "type": "SwarmKSampler",
      "pos": [
        1882.353515625,
        130
      ],
      "size": [
        312.353515625,
        526
      ],
      "flags": {},
      "order": 12,
      "mode": 0,
      "inputs": [
        {
          "name": "model",
          "type": "MODEL",
          "link": 37
        },
        {
          "name": "positive",
          "type": "CONDITIONING",
          "link": 38
        },
        {
          "name": "negative",
          "type": "CONDITIONING",
          "link": 39
        },
        {
          "name": "latent_image",
          "type": "LATENT",
          "link": 40
        }
      ],
      "outputs": [
        {
          "name": "LATENT",
          "type": "LATENT",
          "links": [
            42
          ]
        }
      ],
      "properties": {
        "Node name for S&R": "SwarmKSampler"
      },
      "widgets_values": [
        137221362031927,
        "randomize",
        20,
        3.5,
        "uni_pc",
        "normal",
        10,
        10000,
        0,
        0,
        1000,
        0,
        7,
        "disable",
        "disable",
        "animate",
        false,
        960
      ]
    },
    {
      "id": 109,
      "type": "VAEDecode",
      "pos": [
        2294.70703125,
        130
      ],
      "size": [
        140,
        46
      ],
      "flags": {},
      "order": 13,
      "mode": 0,
      "inputs": [
        {
          "name": "samples",
          "type": "LATENT",
          "link": 42
        },
        {
          "name": "vae",
          "type": "VAE",
          "link": 41
        }
      ],
      "outputs": [
        {
          "name": "IMAGE",
          "type": "IMAGE",
          "links": [
            43
          ]
        }
      ],
      "properties": {
        "cnr_id": "comfy-core",
        "ver": "0.7.0",
        "Node name for S&R": "VAEDecode"
      },
      "widgets_values": []
    },
    {
      "id": 110,
      "type": "SwarmTrimFrames",
      "pos": [
        2534.70703125,
        130
      ],
      "size": [
        270,
        82
      ],
      "flags": {},
      "order": 14,
      "mode": 0,
      "inputs": [
        {
          "name": "image",
          "type": "IMAGE",
          "link": 43
        }
      ],
      "outputs": [
        {
          "name": "IMAGE",
          "type": "IMAGE",
          "links": [
            44
          ]
        }
      ],
      "properties": {
        "Node name for S&R": "SwarmTrimFrames"
      },
      "widgets_values": [
        4,
        0
      ]
    },
    {
      "id": 111,
      "type": "RIFE VFI",
      "pos": [
        2904.70703125,
        130
      ],
      "size": [
        362.91953125,
        198
      ],
      "flags": {},
      "order": 15,
      "mode": 0,
      "inputs": [
        {
          "name": "frames",
          "type": "IMAGE",
          "link": 44
        },
        {
          "name": "optional_interpolation_states",
          "shape": 7,
          "type": "INTERPOLATION_STATES",
          "link": null
        }
      ],
      "outputs": [
        {
          "name": "IMAGE",
          "type": "IMAGE",
          "links": [
            47
          ]
        }
      ],
      "properties": {
        "cnr_id": "comfyui-frame-interpolation",
        "ver": "a969c01dbccd9e5510641be04eb51fe93f6bfc3d",
        "Node name for S&R": "RIFE VFI"
      },
      "widgets_values": [
        "rife47.pth",
        10,
        2,
        true,
        true,
        1
      ]
    },
    {
      "id": 112,
      "type": "LoadImage",
      "pos": [
        116.21862770141453,
        287.70004693054244
      ],
      "size": [
        282.798828125,
        314
      ],
      "flags": {},
      "order": 4,
      "mode": 0,
      "inputs": [],
      "outputs": [
        {
          "name": "IMAGE",
          "type": "IMAGE",
          "links": [
            45
          ]
        },
        {
          "name": "MASK",
          "type": "MASK",
          "links": null
        }
      ],
      "properties": {
        "cnr_id": "comfy-core",
        "ver": "0.7.0",
        "Node name for S&R": "LoadImage"
      },
      "widgets_values": [
        "0_65 (1).png",
        "image"
      ]
    },
    {
      "id": 113,
      "type": "CreateVideo",
      "pos": [
        3434.631349436156,
        151.4367246550296
      ],
      "size": [
        270,
        78
      ],
      "flags": {},
      "order": 16,
      "mode": 0,
      "inputs": [
        {
          "name": "images",
          "type": "IMAGE",
          "link": 47
        },
        {
          "name": "audio",
          "shape": 7,
          "type": "AUDIO",
          "link": null
        }
      ],
      "outputs": [
        {
          "name": "VIDEO",
          "type": "VIDEO",
          "links": [
            46
          ]
        }
      ],
      "properties": {
        "cnr_id": "comfy-core",
        "ver": "0.7.0",
        "Node name for S&R": "CreateVideo"
      },
      "widgets_values": [
        32
      ]
    },
    {
      "id": 114,
      "type": "SaveVideo",
      "pos": [
        3984.4295845008537,
        209.54240336749302
      ],
      "size": [
        804.1747045776365,
        902.1747045776365
      ],
      "flags": {},
      "order": 17,
      "mode": 0,
      "inputs": [
        {
          "name": "video",
          "type": "VIDEO",
          "link": 46
        }
      ],
      "outputs": [],
      "properties": {
        "cnr_id": "comfy-core",
        "ver": "0.7.0"
      },
      "widgets_values": [
        "video/ComfyUI",
        "auto",
        "auto"
      ]
    }
  ],
  "links": [
    [
      23,
      100,
      0,
      6,
      0,
      "CLIP"
    ],
    [
      24,
      100,
      0,
      7,
      0,
      "CLIP"
    ],
    [
      26,
      4,
      0,
      102,
      0,
      "MODEL"
    ],
    [
      28,
      6,
      0,
      104,
      0,
      "CONDITIONING"
    ],
    [
      29,
      7,
      0,
      104,
      1,
      "CONDITIONING"
    ],
    [
      30,
      101,
      0,
      104,
      2,
      "VAE"
    ],
    [
      31,
      103,
      0,
      104,
      4,
      "IMAGE"
    ],
    [
      32,
      102,
      0,
      105,
      0,
      "MODEL"
    ],
    [
      33,
      104,
      0,
      105,
      1,
      "CONDITIONING"
    ],
    [
      34,
      104,
      1,
      105,
      2,
      "CONDITIONING"
    ],
    [
      35,
      104,
      2,
      105,
      3,
      "LATENT"
    ],
    [
      36,
      106,
      0,
      107,
      0,
      "MODEL"
    ],
    [
      37,
      107,
      0,
      108,
      0,
      "MODEL"
    ],
    [
      38,
      104,
      0,
      108,
      1,
      "CONDITIONING"
    ],
    [
      39,
      104,
      1,
      108,
      2,
      "CONDITIONING"
    ],
    [
      40,
      105,
      0,
      108,
      3,
      "LATENT"
    ],
    [
      41,
      101,
      0,
      109,
      1,
      "VAE"
    ],
    [
      42,
      108,
      0,
      109,
      0,
      "LATENT"
    ],
    [
      43,
      109,
      0,
      110,
      0,
      "IMAGE"
    ],
    [
      44,
      110,
      0,
      111,
      0,
      "IMAGE"
    ],
    [
      45,
      112,
      0,
      103,
      0,
      "IMAGE"
    ],
    [
      46,
      113,
      0,
      114,
      0,
      "VIDEO"
    ],
    [
      47,
      111,
      0,
      113,
      0,
      "IMAGE"
    ]
  ],
  "groups": [],
  "config": {},
  "extra": {
    "ds": {
      "scale": 0.6830134553650709,
      "offset": [
        -398.84534237805184,
        301.1713676444699
      ]
    },
    "frontendVersion": "1.34.9",
    "workflowRendererVersion": "LG"
  },
  "version": 0.4
}