{
  "id": "00000000-0000-0000-0000-000000000000",
  "revision": 0,
  "last_node_id": 107,
  "last_link_id": 36,
  "nodes": [
    {
      "id": 4,
      "type": "UNETLoader",
      "pos": [
        100,
        130
      ],
      "size": [
        270,
        82
      ],
      "flags": {},
      "order": 0,
      "mode": 0,
      "inputs": [],
      "outputs": [
        {
          "name": "MODEL",
          "type": "MODEL",
          "links": [
            31
          ]
        }
      ],
      "properties": {
        "cnr_id": "comfy-core",
        "ver": "0.7.0",
        "Node name for S&R": "UNETLoader"
      },
      "widgets_values": [
        "wan2.2_t2v_high_noise_14B_fp8_scaled.safetensors",
        "default"
      ]
    },
    {
      "id": 5,
      "type": "EmptyHunyuanLatentVideo",
      "pos": [
        100,
        342
      ],
      "size": [
        309.6197265625,
        130
      ],
      "flags": {},
      "order": 1,
      "mode": 0,
      "inputs": [],
      "outputs": [
        {
          "name": "LATENT",
          "type": "LATENT",
          "links": [
            26
          ]
        }
      ],
      "properties": {
        "cnr_id": "comfy-core",
        "ver": "0.7.0",
        "Node name for S&R": "EmptyHunyuanLatentVideo"
      },
      "widgets_values": [
        960,
        960,
        81,
        1
      ]
    },
    {
      "id": 6,
      "type": "CLIPTextEncode",
      "pos": [
        509.6197265625,
        506
      ],
      "size": [
        400,
        200
      ],
      "flags": {},
      "order": 7,
      "mode": 0,
      "inputs": [
        {
          "name": "clip",
          "type": "CLIP",
          "link": 18
        }
      ],
      "outputs": [
        {
          "name": "CONDITIONING",
          "type": "CONDITIONING",
          "links": [
            24,
            28
          ]
        }
      ],
      "properties": {
        "cnr_id": "comfy-core",
        "ver": "0.7.0",
        "Node name for S&R": "CLIPTextEncode"
      },
      "widgets_values": [
        "super fast car"
      ]
    },
    {
      "id": 7,
      "type": "CLIPTextEncode",
      "pos": [
        509.6197265625,
        836
      ],
      "size": [
        400,
        200
      ],
      "flags": {},
      "order": 8,
      "mode": 0,
      "inputs": [
        {
          "name": "clip",
          "type": "CLIP",
          "link": 19
        }
      ],
      "outputs": [
        {
          "name": "CONDITIONING",
          "type": "CONDITIONING",
          "links": [
            25,
            29
          ]
        }
      ],
      "properties": {
        "cnr_id": "comfy-core",
        "ver": "0.7.0",
        "Node name for S&R": "CLIPTextEncode"
      },
      "widgets_values": [
        ""
      ]
    },
    {
      "id": 8,
      "type": "VAEDecode",
      "pos": [
        1834.3267578125,
        130
      ],
      "size": [
        140,
        46
      ],
      "flags": {},
      "order": 11,
      "mode": 0,
      "inputs": [
        {
          "name": "samples",
          "type": "LATENT",
          "link": 21
        },
        {
          "name": "vae",
          "type": "VAE",
          "link": 20
        }
      ],
      "outputs": [
        {
          "name": "IMAGE",
          "type": "IMAGE",
          "links": [
            33
          ]
        }
      ],
      "properties": {
        "cnr_id": "comfy-core",
        "ver": "0.7.0",
        "Node name for S&R": "VAEDecode"
      },
      "widgets_values": []
    },
    {
      "id": 10,
      "type": "SwarmKSampler",
      "pos": [
        1009.6197265625,
        130
      ],
      "size": [
        312.353515625,
        526
      ],
      "flags": {},
      "order": 9,
      "mode": 0,
      "inputs": [
        {
          "name": "model",
          "type": "MODEL",
          "link": 23
        },
        {
          "name": "positive",
          "type": "CONDITIONING",
          "link": 24
        },
        {
          "name": "negative",
          "type": "CONDITIONING",
          "link": 25
        },
        {
          "name": "latent_image",
          "type": "LATENT",
          "link": 26
        }
      ],
      "outputs": [
        {
          "name": "LATENT",
          "type": "LATENT",
          "links": [
            30
          ]
        }
      ],
      "properties": {
        "Node name for S&R": "SwarmKSampler"
      },
      "widgets_values": [
        111537588448946,
        "randomize",
        20,
        3.5,
        "uni_pc",
        "normal",
        0,
        10,
        0,
        0,
        -1,
        -1,
        7,
        "enable",
        "disable",
        "animate",
        false,
        960
      ]
    },
    {
      "id": 20,
      "type": "UNETLoader",
      "pos": [
        100,
        602
      ],
      "size": [
        270,
        82
      ],
      "flags": {},
      "order": 2,
      "mode": 0,
      "inputs": [],
      "outputs": [
        {
          "name": "MODEL",
          "type": "MODEL",
          "links": [
            32
          ]
        }
      ],
      "properties": {
        "cnr_id": "comfy-core",
        "ver": "0.7.0",
        "Node name for S&R": "UNETLoader"
      },
      "widgets_values": [
        "wan2.2_t2v_low_noise_14B_fp8_scaled.safetensors",
        "default"
      ]
    },
    {
      "id": 23,
      "type": "SwarmKSampler",
      "pos": [
        1421.9732421875,
        130
      ],
      "size": [
        312.353515625,
        526
      ],
      "flags": {},
      "order": 10,
      "mode": 0,
      "inputs": [
        {
          "name": "model",
          "type": "MODEL",
          "link": 27
        },
        {
          "name": "positive",
          "type": "CONDITIONING",
          "link": 28
        },
        {
          "name": "negative",
          "type": "CONDITIONING",
          "link": 29
        },
        {
          "name": "latent_image",
          "type": "LATENT",
          "link": 30
        }
      ],
      "outputs": [
        {
          "name": "LATENT",
          "type": "LATENT",
          "links": [
            21
          ]
        }
      ],
      "properties": {
        "Node name for S&R": "SwarmKSampler"
      },
      "widgets_values": [
        1097739413940648,
        "randomize",
        20,
        3.5,
        "uni_pc",
        "normal",
        10,
        10000,
        0,
        0,
        -1,
        -1,
        7,
        "enable",
        "disable",
        "animate",
        false,
        1280
      ]
    },
    {
      "id": 100,
      "type": "CLIPLoader",
      "pos": [
        100,
        814
      ],
      "size": [
        270,
        106
      ],
      "flags": {},
      "order": 3,
      "mode": 0,
      "inputs": [],
      "outputs": [
        {
          "name": "CLIP",
          "type": "CLIP",
          "links": [
            18,
            19
          ]
        }
      ],
      "properties": {
        "cnr_id": "comfy-core",
        "ver": "0.7.0",
        "Node name for S&R": "CLIPLoader"
      },
      "widgets_values": [
        "umt5_xxl_fp8_e4m3fn_scaled.safetensors",
        "wan",
        "default"
      ]
    },
    {
      "id": 101,
      "type": "VAELoader",
      "pos": [
        100,
        1050
      ],
      "size": [
        270,
        58
      ],
      "flags": {},
      "order": 4,
      "mode": 0,
      "inputs": [],
      "outputs": [
        {
          "name": "VAE",
          "type": "VAE",
          "links": [
            20
          ]
        }
      ],
      "properties": {
        "cnr_id": "comfy-core",
        "ver": "0.7.0",
        "Node name for S&R": "VAELoader"
      },
      "widgets_values": [
        "Wan\\wan_2.1_vae.safetensors"
      ]
    },
    {
      "id": 102,
      "type": "ModelSamplingSD3",
      "pos": [
        509.6197265625,
        130
      ],
      "size": [
        270,
        58
      ],
      "flags": {},
      "order": 5,
      "mode": 0,
      "inputs": [
        {
          "name": "model",
          "type": "MODEL",
          "link": 31
        }
      ],
      "outputs": [
        {
          "name": "MODEL",
          "type": "MODEL",
          "links": [
            23
          ]
        }
      ],
      "properties": {
        "cnr_id": "comfy-core",
        "ver": "0.7.0",
        "Node name for S&R": "ModelSamplingSD3"
      },
      "widgets_values": [
        5
      ]
    },
    {
      "id": 103,
      "type": "ModelSamplingSD3",
      "pos": [
        509.6197265625,
        318
      ],
      "size": [
        270,
        58
      ],
      "flags": {},
      "order": 6,
      "mode": 0,
      "inputs": [
        {
          "name": "model",
          "type": "MODEL",
          "link": 32
        }
      ],
      "outputs": [
        {
          "name": "MODEL",
          "type": "MODEL",
          "links": [
            27
          ]
        }
      ],
      "properties": {
        "cnr_id": "comfy-core",
        "ver": "0.7.0",
        "Node name for S&R": "ModelSamplingSD3"
      },
      "widgets_values": [
        5
      ]
    },
    {
      "id": 104,
      "type": "SwarmTrimFrames",
      "pos": [
        2074.3267578125,
        130
      ],
      "size": [
        270,
        82
      ],
      "flags": {},
      "order": 12,
      "mode": 0,
      "inputs": [
        {
          "name": "image",
          "type": "IMAGE",
          "link": 33
        }
      ],
      "outputs": [
        {
          "name": "IMAGE",
          "type": "IMAGE",
          "links": [
            34
          ]
        }
      ],
      "properties": {
        "Node name for S&R": "SwarmTrimFrames"
      },
      "widgets_values": [
        4,
        0
      ]
    },
    {
      "id": 106,
      "type": "CreateVideo",
      "pos": [
        3035.199292944337,
        189.10502335815477
      ],
      "size": [
        270,
        78
      ],
      "flags": {},
      "order": 14,
      "mode": 0,
      "inputs": [
        {
          "name": "images",
          "type": "IMAGE",
          "link": 36
        },
        {
          "name": "audio",
          "shape": 7,
          "type": "AUDIO",
          "link": null
        }
      ],
      "outputs": [
        {
          "name": "VIDEO",
          "type": "VIDEO",
          "links": [
            35
          ]
        }
      ],
      "properties": {
        "cnr_id": "comfy-core",
        "ver": "0.7.0",
        "Node name for S&R": "CreateVideo"
      },
      "widgets_values": [
        32
      ]
    },
    {
      "id": 105,
      "type": "RIFE VFI",
      "pos": [
        2444.3267578125,
        130
      ],
      "size": [
        362.91953125,
        198
      ],
      "flags": {},
      "order": 13,
      "mode": 0,
      "inputs": [
        {
          "name": "frames",
          "type": "IMAGE",
          "link": 34
        },
        {
          "name": "optional_interpolation_states",
          "shape": 7,
          "type": "INTERPOLATION_STATES",
          "link": null
        }
      ],
      "outputs": [
        {
          "name": "IMAGE",
          "type": "IMAGE",
          "links": [
            36
          ]
        }
      ],
      "properties": {
        "cnr_id": "comfyui-frame-interpolation",
        "ver": "a969c01dbccd9e5510641be04eb51fe93f6bfc3d",
        "Node name for S&R": "RIFE VFI"
      },
      "widgets_values": [
        "rife47.pth",
        10,
        2,
        true,
        true,
        1
      ]
    },
    {
      "id": 107,
      "type": "SaveVideo",
      "pos": [
        3457.1186217590343,
        148.4228602737432
      ],
      "size": [
        804.1747045776365,
        902.1747045776365
      ],
      "flags": {},
      "order": 15,
      "mode": 0,
      "inputs": [
        {
          "name": "video",
          "type": "VIDEO",
          "link": 35
        }
      ],
      "outputs": [],
      "properties": {
        "cnr_id": "comfy-core",
        "ver": "0.7.0"
      },
      "widgets_values": [
        "video/ComfyUI",
        "auto",
        "auto"
      ]
    }
  ],
  "links": [
    [
      18,
      100,
      0,
      6,
      0,
      "CLIP"
    ],
    [
      19,
      100,
      0,
      7,
      0,
      "CLIP"
    ],
    [
      20,
      101,
      0,
      8,
      1,
      "VAE"
    ],
    [
      21,
      23,
      0,
      8,
      0,
      "LATENT"
    ],
    [
      23,
      102,
      0,
      10,
      0,
      "MODEL"
    ],
    [
      24,
      6,
      0,
      10,
      1,
      "CONDITIONING"
    ],
    [
      25,
      7,
      0,
      10,
      2,
      "CONDITIONING"
    ],
    [
      26,
      5,
      0,
      10,
      3,
      "LATENT"
    ],
    [
      27,
      103,
      0,
      23,
      0,
      "MODEL"
    ],
    [
      28,
      6,
      0,
      23,
      1,
      "CONDITIONING"
    ],
    [
      29,
      7,
      0,
      23,
      2,
      "CONDITIONING"
    ],
    [
      30,
      10,
      0,
      23,
      3,
      "LATENT"
    ],
    [
      31,
      4,
      0,
      102,
      0,
      "MODEL"
    ],
    [
      32,
      20,
      0,
      103,
      0,
      "MODEL"
    ],
    [
      33,
      8,
      0,
      104,
      0,
      "IMAGE"
    ],
    [
      34,
      104,
      0,
      105,
      0,
      "IMAGE"
    ],
    [
      35,
      106,
      0,
      107,
      0,
      "VIDEO"
    ],
    [
      36,
      105,
      0,
      106,
      0,
      "IMAGE"
    ]
  ],
  "groups": [],
  "config": {},
  "extra": {
    "ds": {
      "scale": 0.6830134553650705,
      "offset": [
        -1043.8918610290527,
        250.50930031738247
      ]
    },
    "frontendVersion": "1.34.9",
    "workflowRendererVersion": "LG"
  },
  "version": 0.4
}