{
  "id": "00000000-0000-0000-0000-000000000000",
  "revision": 0,
  "last_node_id": 3003,
  "last_link_id": 39,
  "nodes": [
    {
      "id": 4,
      "type": "UnetLoaderGGUF",
      "pos": [
        100,
        130
      ],
      "size": [
        270,
        58
      ],
      "flags": {},
      "order": 0,
      "mode": 0,
      "inputs": [],
      "outputs": [
        {
          "name": "MODEL",
          "type": "MODEL",
          "links": [
            36
          ]
        }
      ],
      "properties": {
        "cnr_id": "ComfyUI-GGUF",
        "ver": "795e45156ece99afbc3efef911e63fcb46e6a20d",
        "Node name for S&R": "UnetLoaderGGUF"
      },
      "widgets_values": [
        "Wan2.1_14b_Image_to_Video_720p_GGUF_Q6_K.gguf"
      ]
    },
    {
      "id": 6,
      "type": "CLIPTextEncode",
      "pos": [
        600,
        602
      ],
      "size": [
        400,
        200
      ],
      "flags": {},
      "order": 6,
      "mode": 0,
      "inputs": [
        {
          "name": "clip",
          "type": "CLIP",
          "link": 19
        }
      ],
      "outputs": [
        {
          "name": "CONDITIONING",
          "type": "CONDITIONING",
          "links": [
            25
          ]
        }
      ],
      "properties": {
        "cnr_id": "comfy-core",
        "ver": "0.7.0",
        "Node name for S&R": "CLIPTextEncode"
      },
      "widgets_values": [
        "a talking man"
      ]
    },
    {
      "id": 7,
      "type": "CLIPTextEncode",
      "pos": [
        600,
        932
      ],
      "size": [
        400,
        200
      ],
      "flags": {},
      "order": 7,
      "mode": 0,
      "inputs": [
        {
          "name": "clip",
          "type": "CLIP",
          "link": 20
        }
      ],
      "outputs": [
        {
          "name": "CONDITIONING",
          "type": "CONDITIONING",
          "links": [
            26
          ]
        }
      ],
      "properties": {
        "cnr_id": "comfy-core",
        "ver": "0.7.0",
        "Node name for S&R": "CLIPTextEncode"
      },
      "widgets_values": [
        ""
      ]
    },
    {
      "id": 100,
      "type": "CLIPLoader",
      "pos": [
        100,
        648
      ],
      "size": [
        270,
        106
      ],
      "flags": {},
      "order": 1,
      "mode": 0,
      "inputs": [],
      "outputs": [
        {
          "name": "CLIP",
          "type": "CLIP",
          "links": [
            19,
            20
          ]
        }
      ],
      "properties": {
        "cnr_id": "comfy-core",
        "ver": "0.7.0",
        "Node name for S&R": "CLIPLoader"
      },
      "widgets_values": [
        "umt5_xxl_fp8_e4m3fn_scaled.safetensors",
        "wan",
        "default"
      ]
    },
    {
      "id": 101,
      "type": "VAELoader",
      "pos": [
        100,
        884
      ],
      "size": [
        270,
        58
      ],
      "flags": {},
      "order": 2,
      "mode": 0,
      "inputs": [],
      "outputs": [
        {
          "name": "VAE",
          "type": "VAE",
          "links": [
            27,
            34
          ]
        }
      ],
      "properties": {
        "cnr_id": "comfy-core",
        "ver": "0.7.0",
        "Node name for S&R": "VAELoader"
      },
      "widgets_values": [
        "Wan\\wan_2.1_vae.safetensors"
      ]
    },
    {
      "id": 103,
      "type": "CLIPVisionLoader",
      "pos": [
        100,
        1072
      ],
      "size": [
        270,
        58
      ],
      "flags": {},
      "order": 3,
      "mode": 0,
      "inputs": [],
      "outputs": [
        {
          "name": "CLIP_VISION",
          "type": "CLIP_VISION",
          "links": [
            23
          ]
        }
      ],
      "properties": {
        "cnr_id": "comfy-core",
        "ver": "0.7.0",
        "Node name for S&R": "CLIPVisionLoader"
      },
      "widgets_values": [
        "clip_vision_h.safetensors"
      ]
    },
    {
      "id": 104,
      "type": "CLIPVisionEncode",
      "pos": [
        1100,
        130
      ],
      "size": [
        289.505859375,
        78
      ],
      "flags": {},
      "order": 9,
      "mode": 0,
      "inputs": [
        {
          "name": "clip_vision",
          "type": "CLIP_VISION",
          "link": 23
        },
        {
          "name": "image",
          "type": "IMAGE",
          "link": 24
        }
      ],
      "outputs": [
        {
          "name": "CLIP_VISION_OUTPUT",
          "type": "CLIP_VISION_OUTPUT",
          "links": [
            29
          ]
        }
      ],
      "properties": {
        "cnr_id": "comfy-core",
        "ver": "0.7.0",
        "Node name for S&R": "CLIPVisionEncode"
      },
      "widgets_values": [
        "center"
      ]
    },
    {
      "id": 106,
      "type": "SwarmKSampler",
      "pos": [
        1859.505859375,
        130
      ],
      "size": [
        312.353515625,
        526
      ],
      "flags": {},
      "order": 11,
      "mode": 0,
      "inputs": [
        {
          "name": "model",
          "type": "MODEL",
          "link": 30
        },
        {
          "name": "positive",
          "type": "CONDITIONING",
          "link": 31
        },
        {
          "name": "negative",
          "type": "CONDITIONING",
          "link": 32
        },
        {
          "name": "latent_image",
          "type": "LATENT",
          "link": 33
        }
      ],
      "outputs": [
        {
          "name": "LATENT",
          "type": "LATENT",
          "links": [
            35
          ]
        }
      ],
      "properties": {
        "Node name for S&R": "SwarmKSampler"
      },
      "widgets_values": [
        2062494880,
        "randomize",
        8,
        1,
        "uni_pc",
        "simple",
        0,
        10000,
        0,
        0,
        1000,
        0,
        7,
        "enable",
        "disable",
        "animate",
        false,
        640
      ]
    },
    {
      "id": 3000,
      "type": "LoraLoaderModelOnly",
      "pos": [
        600,
        130
      ],
      "size": [
        270,
        82
      ],
      "flags": {},
      "order": 5,
      "mode": 0,
      "inputs": [
        {
          "name": "model",
          "type": "MODEL",
          "link": 36
        }
      ],
      "outputs": [
        {
          "name": "MODEL",
          "type": "MODEL",
          "links": [
            30
          ]
        }
      ],
      "properties": {
        "cnr_id": "comfy-core",
        "ver": "0.7.0",
        "Node name for S&R": "LoraLoaderModelOnly"
      },
      "widgets_values": [
        "Wan21_I2V_14B_lightx2v_cfg_step_distill_lora_rank64_fixed.safetensors",
        1
      ]
    },
    {
      "id": 3001,
      "type": "LoadImage",
      "pos": [
        97.52317036630214,
        268.1124539250305
      ],
      "size": [
        282.798828125,
        314
      ],
      "flags": {},
      "order": 4,
      "mode": 0,
      "inputs": [],
      "outputs": [
        {
          "name": "IMAGE",
          "type": "IMAGE",
          "links": [
            37
          ]
        },
        {
          "name": "MASK",
          "type": "MASK",
          "links": null
        }
      ],
      "properties": {
        "cnr_id": "comfy-core",
        "ver": "0.7.0",
        "Node name for S&R": "LoadImage"
      },
      "widgets_values": [
        "0_65 (1).png",
        "image"
      ]
    },
    {
      "id": 102,
      "type": "ImageScale",
      "pos": [
        600,
        342
      ],
      "size": [
        270,
        130
      ],
      "flags": {},
      "order": 8,
      "mode": 0,
      "inputs": [
        {
          "name": "image",
          "type": "IMAGE",
          "link": 37
        }
      ],
      "outputs": [
        {
          "name": "IMAGE",
          "type": "IMAGE",
          "links": [
            24,
            28
          ]
        }
      ],
      "properties": {
        "cnr_id": "comfy-core",
        "ver": "0.7.0",
        "Node name for S&R": "ImageScale"
      },
      "widgets_values": [
        "lanczos",
        960,
        960,
        "disabled"
      ]
    },
    {
      "id": 105,
      "type": "WanImageToVideo",
      "pos": [
        1489.505859375,
        130
      ],
      "size": [
        270,
        210
      ],
      "flags": {},
      "order": 10,
      "mode": 0,
      "inputs": [
        {
          "name": "positive",
          "type": "CONDITIONING",
          "link": 25
        },
        {
          "name": "negative",
          "type": "CONDITIONING",
          "link": 26
        },
        {
          "name": "vae",
          "type": "VAE",
          "link": 27
        },
        {
          "name": "clip_vision_output",
          "shape": 7,
          "type": "CLIP_VISION_OUTPUT",
          "link": 29
        },
        {
          "name": "start_image",
          "shape": 7,
          "type": "IMAGE",
          "link": 28
        }
      ],
      "outputs": [
        {
          "name": "positive",
          "type": "CONDITIONING",
          "links": [
            31
          ]
        },
        {
          "name": "negative",
          "type": "CONDITIONING",
          "links": [
            32
          ]
        },
        {
          "name": "latent",
          "type": "LATENT",
          "links": [
            33
          ]
        }
      ],
      "properties": {
        "cnr_id": "comfy-core",
        "ver": "0.7.0",
        "Node name for S&R": "WanImageToVideo"
      },
      "widgets_values": [
        960,
        960,
        49,
        1
      ]
    },
    {
      "id": 107,
      "type": "VAEDecode",
      "pos": [
        2271.859375,
        130
      ],
      "size": [
        140,
        46
      ],
      "flags": {},
      "order": 12,
      "mode": 0,
      "inputs": [
        {
          "name": "samples",
          "type": "LATENT",
          "link": 35
        },
        {
          "name": "vae",
          "type": "VAE",
          "link": 34
        }
      ],
      "outputs": [
        {
          "name": "IMAGE",
          "type": "IMAGE",
          "links": [
            38
          ]
        }
      ],
      "properties": {
        "cnr_id": "comfy-core",
        "ver": "0.7.0",
        "Node name for S&R": "VAEDecode"
      },
      "widgets_values": []
    },
    {
      "id": 3003,
      "type": "CreateVideo",
      "pos": [
        2324.56833359262,
        508.41849232835074
      ],
      "size": [
        270,
        78
      ],
      "flags": {},
      "order": 13,
      "mode": 0,
      "inputs": [
        {
          "name": "images",
          "type": "IMAGE",
          "link": 38
        },
        {
          "name": "audio",
          "shape": 7,
          "type": "AUDIO",
          "link": null
        }
      ],
      "outputs": [
        {
          "name": "VIDEO",
          "type": "VIDEO",
          "links": [
            39
          ]
        }
      ],
      "properties": {
        "cnr_id": "comfy-core",
        "ver": "0.7.0",
        "Node name for S&R": "CreateVideo"
      },
      "widgets_values": [
        16
      ]
    },
    {
      "id": 3002,
      "type": "SaveVideo",
      "pos": [
        2808.1650381702584,
        87.41923198594375
      ],
      "size": [
        804.1747045776365,
        902.1747045776365
      ],
      "flags": {},
      "order": 14,
      "mode": 0,
      "inputs": [
        {
          "name": "video",
          "type": "VIDEO",
          "link": 39
        }
      ],
      "outputs": [],
      "properties": {
        "cnr_id": "comfy-core",
        "ver": "0.7.0"
      },
      "widgets_values": [
        "video/ComfyUI",
        "auto",
        "auto"
      ]
    }
  ],
  "links": [
    [
      19,
      100,
      0,
      6,
      0,
      "CLIP"
    ],
    [
      20,
      100,
      0,
      7,
      0,
      "CLIP"
    ],
    [
      23,
      103,
      0,
      104,
      0,
      "CLIP_VISION"
    ],
    [
      24,
      102,
      0,
      104,
      1,
      "IMAGE"
    ],
    [
      25,
      6,
      0,
      105,
      0,
      "CONDITIONING"
    ],
    [
      26,
      7,
      0,
      105,
      1,
      "CONDITIONING"
    ],
    [
      27,
      101,
      0,
      105,
      2,
      "VAE"
    ],
    [
      28,
      102,
      0,
      105,
      4,
      "IMAGE"
    ],
    [
      29,
      104,
      0,
      105,
      3,
      "CLIP_VISION_OUTPUT"
    ],
    [
      30,
      3000,
      0,
      106,
      0,
      "MODEL"
    ],
    [
      31,
      105,
      0,
      106,
      1,
      "CONDITIONING"
    ],
    [
      32,
      105,
      1,
      106,
      2,
      "CONDITIONING"
    ],
    [
      33,
      105,
      2,
      106,
      3,
      "LATENT"
    ],
    [
      34,
      101,
      0,
      107,
      1,
      "VAE"
    ],
    [
      35,
      106,
      0,
      107,
      0,
      "LATENT"
    ],
    [
      36,
      4,
      0,
      3000,
      0,
      "MODEL"
    ],
    [
      37,
      3001,
      0,
      102,
      0,
      "IMAGE"
    ],
    [
      38,
      107,
      0,
      3003,
      0,
      "IMAGE"
    ],
    [
      39,
      3003,
      0,
      3002,
      0,
      "VIDEO"
    ]
  ],
  "groups": [],
  "config": {},
  "extra": {
    "ds": {
      "scale": 0.683013455365071,
      "offset": [
        -185.7682347767028,
        278.86400671034517
      ]
    },
    "frontendVersion": "1.34.9",
    "workflowRendererVersion": "LG"
  },
  "version": 0.4
}