{
  "id": "00000000-0000-0000-0000-000000000000",
  "revision": 0,
  "last_node_id": 112,
  "last_link_id": 41,
  "nodes": [
    {
      "id": 4,
      "type": "UnetLoaderGGUF",
      "pos": [
        100,
        130
      ],
      "size": [
        270,
        58
      ],
      "flags": {},
      "order": 0,
      "mode": 0,
      "inputs": [],
      "outputs": [
        {
          "name": "MODEL",
          "type": "MODEL",
          "links": [
            22
          ]
        }
      ],
      "properties": {
        "cnr_id": "ComfyUI-GGUF",
        "ver": "795e45156ece99afbc3efef911e63fcb46e6a20d",
        "Node name for S&R": "UnetLoaderGGUF"
      },
      "widgets_values": [
        "Wan2.1_14b_Image_to_Video_720p_GGUF_Q6_K.gguf"
      ]
    },
    {
      "id": 7,
      "type": "CLIPTextEncode",
      "pos": [
        600,
        908
      ],
      "size": [
        400,
        200
      ],
      "flags": {},
      "order": 7,
      "mode": 0,
      "inputs": [
        {
          "name": "clip",
          "type": "CLIP",
          "link": 20
        }
      ],
      "outputs": [
        {
          "name": "CONDITIONING",
          "type": "CONDITIONING",
          "links": [
            27
          ]
        }
      ],
      "properties": {
        "cnr_id": "comfy-core",
        "ver": "0.7.0",
        "Node name for S&R": "CLIPTextEncode"
      },
      "widgets_values": [
        ""
      ]
    },
    {
      "id": 100,
      "type": "CLIPLoader",
      "pos": [
        100,
        648
      ],
      "size": [
        270,
        106
      ],
      "flags": {},
      "order": 1,
      "mode": 0,
      "inputs": [],
      "outputs": [
        {
          "name": "CLIP",
          "type": "CLIP",
          "links": [
            19,
            20
          ]
        }
      ],
      "properties": {
        "cnr_id": "comfy-core",
        "ver": "0.7.0",
        "Node name for S&R": "CLIPLoader"
      },
      "widgets_values": [
        "umt5_xxl_fp8_e4m3fn_scaled.safetensors",
        "wan",
        "default"
      ]
    },
    {
      "id": 101,
      "type": "VAELoader",
      "pos": [
        100,
        884
      ],
      "size": [
        270,
        58
      ],
      "flags": {},
      "order": 2,
      "mode": 0,
      "inputs": [],
      "outputs": [
        {
          "name": "VAE",
          "type": "VAE",
          "links": [
            28,
            35
          ]
        }
      ],
      "properties": {
        "cnr_id": "comfy-core",
        "ver": "0.7.0",
        "Node name for S&R": "VAELoader"
      },
      "widgets_values": [
        "Wan\\wan_2.1_vae.safetensors"
      ]
    },
    {
      "id": 102,
      "type": "ModelSamplingSD3",
      "pos": [
        600,
        130
      ],
      "size": [
        270,
        58
      ],
      "flags": {},
      "order": 5,
      "mode": 0,
      "inputs": [
        {
          "name": "model",
          "type": "MODEL",
          "link": 22
        }
      ],
      "outputs": [
        {
          "name": "MODEL",
          "type": "MODEL",
          "links": [
            31
          ]
        }
      ],
      "properties": {
        "cnr_id": "comfy-core",
        "ver": "0.7.0",
        "Node name for S&R": "ModelSamplingSD3"
      },
      "widgets_values": [
        10
      ]
    },
    {
      "id": 104,
      "type": "CLIPVisionLoader",
      "pos": [
        100,
        1072
      ],
      "size": [
        270,
        58
      ],
      "flags": {},
      "order": 3,
      "mode": 0,
      "inputs": [],
      "outputs": [
        {
          "name": "CLIP_VISION",
          "type": "CLIP_VISION",
          "links": [
            24
          ]
        }
      ],
      "properties": {
        "cnr_id": "comfy-core",
        "ver": "0.7.0",
        "Node name for S&R": "CLIPVisionLoader"
      },
      "widgets_values": [
        "clip_vision_h.safetensors"
      ]
    },
    {
      "id": 105,
      "type": "CLIPVisionEncode",
      "pos": [
        1100,
        130
      ],
      "size": [
        289.505859375,
        78
      ],
      "flags": {},
      "order": 9,
      "mode": 0,
      "inputs": [
        {
          "name": "clip_vision",
          "type": "CLIP_VISION",
          "link": 24
        },
        {
          "name": "image",
          "type": "IMAGE",
          "link": 25
        }
      ],
      "outputs": [
        {
          "name": "CLIP_VISION_OUTPUT",
          "type": "CLIP_VISION_OUTPUT",
          "links": [
            30
          ]
        }
      ],
      "properties": {
        "cnr_id": "comfy-core",
        "ver": "0.7.0",
        "Node name for S&R": "CLIPVisionEncode"
      },
      "widgets_values": [
        "center"
      ]
    },
    {
      "id": 107,
      "type": "SwarmKSampler",
      "pos": [
        1859.505859375,
        130
      ],
      "size": [
        312.353515625,
        526
      ],
      "flags": {},
      "order": 11,
      "mode": 0,
      "inputs": [
        {
          "name": "model",
          "type": "MODEL",
          "link": 31
        },
        {
          "name": "positive",
          "type": "CONDITIONING",
          "link": 32
        },
        {
          "name": "negative",
          "type": "CONDITIONING",
          "link": 33
        },
        {
          "name": "latent_image",
          "type": "LATENT",
          "link": 34
        }
      ],
      "outputs": [
        {
          "name": "LATENT",
          "type": "LATENT",
          "links": [
            36
          ]
        }
      ],
      "properties": {
        "Node name for S&R": "SwarmKSampler"
      },
      "widgets_values": [
        637093583757278,
        "randomize",
        20,
        6,
        "uni_pc",
        "simple",
        0,
        10000,
        0,
        0,
        1000,
        0,
        7,
        "enable",
        "disable",
        "animate",
        false,
        640
      ]
    },
    {
      "id": 103,
      "type": "ImageScale",
      "pos": [
        410.1105014831544,
        310.90134010314944
      ],
      "size": [
        270,
        130
      ],
      "flags": {},
      "order": 8,
      "mode": 0,
      "inputs": [
        {
          "name": "image",
          "type": "IMAGE",
          "link": 39
        }
      ],
      "outputs": [
        {
          "name": "IMAGE",
          "type": "IMAGE",
          "links": [
            25,
            29
          ]
        }
      ],
      "properties": {
        "cnr_id": "comfy-core",
        "ver": "0.7.0",
        "Node name for S&R": "ImageScale"
      },
      "widgets_values": [
        "lanczos",
        960,
        960,
        "disabled"
      ]
    },
    {
      "id": 106,
      "type": "WanImageToVideo",
      "pos": [
        1489.505859375,
        130
      ],
      "size": [
        270,
        210
      ],
      "flags": {},
      "order": 10,
      "mode": 0,
      "inputs": [
        {
          "name": "positive",
          "type": "CONDITIONING",
          "link": 26
        },
        {
          "name": "negative",
          "type": "CONDITIONING",
          "link": 27
        },
        {
          "name": "vae",
          "type": "VAE",
          "link": 28
        },
        {
          "name": "clip_vision_output",
          "shape": 7,
          "type": "CLIP_VISION_OUTPUT",
          "link": 30
        },
        {
          "name": "start_image",
          "shape": 7,
          "type": "IMAGE",
          "link": 29
        }
      ],
      "outputs": [
        {
          "name": "positive",
          "type": "CONDITIONING",
          "links": [
            32
          ]
        },
        {
          "name": "negative",
          "type": "CONDITIONING",
          "links": [
            33
          ]
        },
        {
          "name": "latent",
          "type": "LATENT",
          "links": [
            34
          ]
        }
      ],
      "properties": {
        "cnr_id": "comfy-core",
        "ver": "0.7.0",
        "Node name for S&R": "WanImageToVideo"
      },
      "widgets_values": [
        960,
        960,
        49,
        1
      ]
    },
    {
      "id": 108,
      "type": "VAEDecode",
      "pos": [
        2271.859375,
        130
      ],
      "size": [
        140,
        46
      ],
      "flags": {},
      "order": 12,
      "mode": 0,
      "inputs": [
        {
          "name": "samples",
          "type": "LATENT",
          "link": 36
        },
        {
          "name": "vae",
          "type": "VAE",
          "link": 35
        }
      ],
      "outputs": [
        {
          "name": "IMAGE",
          "type": "IMAGE",
          "links": [
            41
          ]
        }
      ],
      "properties": {
        "cnr_id": "comfy-core",
        "ver": "0.7.0",
        "Node name for S&R": "VAEDecode"
      },
      "widgets_values": []
    },
    {
      "id": 111,
      "type": "CreateVideo",
      "pos": [
        2654.172020029507,
        296.4317450938842
      ],
      "size": [
        270,
        78
      ],
      "flags": {},
      "order": 13,
      "mode": 0,
      "inputs": [
        {
          "name": "images",
          "type": "IMAGE",
          "link": 41
        },
        {
          "name": "audio",
          "shape": 7,
          "type": "AUDIO",
          "link": null
        }
      ],
      "outputs": [
        {
          "name": "VIDEO",
          "type": "VIDEO",
          "links": [
            40
          ]
        }
      ],
      "properties": {
        "cnr_id": "comfy-core",
        "ver": "0.7.0",
        "Node name for S&R": "CreateVideo"
      },
      "widgets_values": [
        16
      ]
    },
    {
      "id": 109,
      "type": "LoadImage",
      "pos": [
        -241.1963595969541,
        292.10157372700235
      ],
      "size": [
        282.798828125,
        314
      ],
      "flags": {},
      "order": 4,
      "mode": 0,
      "inputs": [],
      "outputs": [
        {
          "name": "IMAGE",
          "type": "IMAGE",
          "links": [
            39
          ]
        },
        {
          "name": "MASK",
          "type": "MASK",
          "links": null
        }
      ],
      "properties": {
        "cnr_id": "comfy-core",
        "ver": "0.7.0",
        "Node name for S&R": "LoadImage"
      },
      "widgets_values": [
        "0_65 (1).png",
        "image"
      ]
    },
    {
      "id": 6,
      "type": "CLIPTextEncode",
      "pos": [
        600,
        578
      ],
      "size": [
        400,
        200
      ],
      "flags": {},
      "order": 6,
      "mode": 0,
      "inputs": [
        {
          "name": "clip",
          "type": "CLIP",
          "link": 19
        }
      ],
      "outputs": [
        {
          "name": "CONDITIONING",
          "type": "CONDITIONING",
          "links": [
            26
          ]
        }
      ],
      "properties": {
        "cnr_id": "comfy-core",
        "ver": "0.7.0",
        "Node name for S&R": "CLIPTextEncode"
      },
      "widgets_values": [
        "a talking man"
      ]
    },
    {
      "id": 112,
      "type": "SaveVideo",
      "pos": [
        3254.7901812416653,
        64.9441889430663
      ],
      "size": [
        804.1747045776365,
        902.1747045776365
      ],
      "flags": {},
      "order": 14,
      "mode": 0,
      "inputs": [
        {
          "name": "video",
          "type": "VIDEO",
          "link": 40
        }
      ],
      "outputs": [],
      "properties": {
        "cnr_id": "comfy-core",
        "ver": "0.7.0"
      },
      "widgets_values": [
        "video/ComfyUI",
        "auto",
        "auto"
      ]
    }
  ],
  "links": [
    [
      19,
      100,
      0,
      6,
      0,
      "CLIP"
    ],
    [
      20,
      100,
      0,
      7,
      0,
      "CLIP"
    ],
    [
      22,
      4,
      0,
      102,
      0,
      "MODEL"
    ],
    [
      24,
      104,
      0,
      105,
      0,
      "CLIP_VISION"
    ],
    [
      25,
      103,
      0,
      105,
      1,
      "IMAGE"
    ],
    [
      26,
      6,
      0,
      106,
      0,
      "CONDITIONING"
    ],
    [
      27,
      7,
      0,
      106,
      1,
      "CONDITIONING"
    ],
    [
      28,
      101,
      0,
      106,
      2,
      "VAE"
    ],
    [
      29,
      103,
      0,
      106,
      4,
      "IMAGE"
    ],
    [
      30,
      105,
      0,
      106,
      3,
      "CLIP_VISION_OUTPUT"
    ],
    [
      31,
      102,
      0,
      107,
      0,
      "MODEL"
    ],
    [
      32,
      106,
      0,
      107,
      1,
      "CONDITIONING"
    ],
    [
      33,
      106,
      1,
      107,
      2,
      "CONDITIONING"
    ],
    [
      34,
      106,
      2,
      107,
      3,
      "LATENT"
    ],
    [
      35,
      101,
      0,
      108,
      1,
      "VAE"
    ],
    [
      36,
      107,
      0,
      108,
      0,
      "LATENT"
    ],
    [
      39,
      109,
      0,
      103,
      0,
      "IMAGE"
    ],
    [
      40,
      111,
      0,
      112,
      0,
      "VIDEO"
    ],
    [
      41,
      108,
      0,
      111,
      0,
      "IMAGE"
    ]
  ],
  "groups": [],
  "config": {},
  "extra": {
    "ds": {
      "scale": 0.6830134553650712,
      "offset": [
        44.57484107278278,
        241.31823010295375
      ]
    },
    "frontendVersion": "1.34.9",
    "workflowRendererVersion": "LG"
  },
  "version": 0.4
}