{
  "id": "00000000-0000-0000-0000-000000000000",
  "revision": 0,
  "last_node_id": 103,
  "last_link_id": 43,
  "nodes": [
    {
      "id": 4,
      "type": "UNETLoader",
      "pos": [
        100,
        130
      ],
      "size": [
        270,
        82
      ],
      "flags": {},
      "order": 0,
      "mode": 0,
      "inputs": [],
      "outputs": [
        {
          "name": "MODEL",
          "type": "MODEL",
          "links": [
            42
          ]
        }
      ],
      "properties": {
        "cnr_id": "comfy-core",
        "ver": "0.7.0",
        "Node name for S&R": "UNETLoader"
      },
      "widgets_values": [
        "Z_Image_Turbo_BF16.safetensors",
        "default"
      ]
    },
    {
      "id": 5,
      "type": "EmptySD3LatentImage",
      "pos": [
        100,
        342
      ],
      "size": [
        270,
        106
      ],
      "flags": {},
      "order": 1,
      "mode": 0,
      "inputs": [],
      "outputs": [
        {
          "name": "LATENT",
          "type": "LATENT",
          "links": [
            30
          ]
        }
      ],
      "properties": {
        "cnr_id": "comfy-core",
        "ver": "0.7.0",
        "Node name for S&R": "EmptySD3LatentImage"
      },
      "widgets_values": [
        1536,
        1536,
        1
      ]
    },
    {
      "id": 6,
      "type": "CLIPTextEncode",
      "pos": [
        470,
        318
      ],
      "size": [
        400,
        200
      ],
      "flags": {},
      "order": 6,
      "mode": 0,
      "inputs": [
        {
          "name": "clip",
          "type": "CLIP",
          "link": 22
        }
      ],
      "outputs": [
        {
          "name": "CONDITIONING",
          "type": "CONDITIONING",
          "links": [
            28,
            32
          ]
        }
      ],
      "properties": {
        "cnr_id": "comfy-core",
        "ver": "0.7.0",
        "Node name for S&R": "CLIPTextEncode"
      },
      "widgets_values": [
        "super fast car"
      ]
    },
    {
      "id": 7,
      "type": "CLIPTextEncode",
      "pos": [
        470,
        648
      ],
      "size": [
        400,
        200
      ],
      "flags": {},
      "order": 7,
      "mode": 0,
      "inputs": [
        {
          "name": "clip",
          "type": "CLIP",
          "link": 23
        }
      ],
      "outputs": [
        {
          "name": "CONDITIONING",
          "type": "CONDITIONING",
          "links": [
            29,
            33
          ]
        }
      ],
      "properties": {
        "cnr_id": "comfy-core",
        "ver": "0.7.0",
        "Node name for S&R": "CLIPTextEncode"
      },
      "widgets_values": [
        ""
      ]
    },
    {
      "id": 10,
      "type": "SwarmKSampler",
      "pos": [
        970,
        130
      ],
      "size": [
        312.353515625,
        526
      ],
      "flags": {},
      "order": 8,
      "mode": 0,
      "inputs": [
        {
          "name": "model",
          "type": "MODEL",
          "link": 27
        },
        {
          "name": "positive",
          "type": "CONDITIONING",
          "link": 28
        },
        {
          "name": "negative",
          "type": "CONDITIONING",
          "link": 29
        },
        {
          "name": "latent_image",
          "type": "LATENT",
          "link": 30
        }
      ],
      "outputs": [
        {
          "name": "LATENT",
          "type": "LATENT",
          "links": [
            36
          ]
        }
      ],
      "properties": {
        "Node name for S&R": "SwarmKSampler"
      },
      "widgets_values": [
        929459274701868,
        "randomize",
        9,
        1,
        "euler",
        "beta",
        0,
        10000,
        0,
        0,
        -1,
        -1,
        7,
        "enable",
        "disable",
        "default",
        false,
        1536
      ]
    },
    {
      "id": 23,
      "type": "SwarmKSampler",
      "pos": [
        2565.9224609375,
        130
      ],
      "size": [
        312.353515625,
        526
      ],
      "flags": {},
      "order": 13,
      "mode": 0,
      "inputs": [
        {
          "name": "model",
          "type": "MODEL",
          "link": 31
        },
        {
          "name": "positive",
          "type": "CONDITIONING",
          "link": 32
        },
        {
          "name": "negative",
          "type": "CONDITIONING",
          "link": 33
        },
        {
          "name": "latent_image",
          "type": "LATENT",
          "link": 34
        }
      ],
      "outputs": [
        {
          "name": "LATENT",
          "type": "LATENT",
          "links": [
            25
          ]
        }
      ],
      "properties": {
        "Node name for S&R": "SwarmKSampler"
      },
      "widgets_values": [
        475176711996452,
        "randomize",
        15,
        1,
        "euler",
        "beta",
        6,
        10000,
        0,
        0,
        -1,
        -1,
        7,
        "enable",
        "disable",
        "default",
        false,
        1536
      ]
    },
    {
      "id": 24,
      "type": "VAEDecode",
      "pos": [
        1382.353515625,
        130
      ],
      "size": [
        140,
        46
      ],
      "flags": {},
      "order": 9,
      "mode": 0,
      "inputs": [
        {
          "name": "samples",
          "type": "LATENT",
          "link": 36
        },
        {
          "name": "vae",
          "type": "VAE",
          "link": 35
        }
      ],
      "outputs": [
        {
          "name": "IMAGE",
          "type": "IMAGE",
          "links": [
            41
          ]
        }
      ],
      "properties": {
        "cnr_id": "comfy-core",
        "ver": "0.7.0",
        "Node name for S&R": "VAEDecode"
      },
      "widgets_values": []
    },
    {
      "id": 25,
      "type": "VAEEncode",
      "pos": [
        2325.9224609375,
        130
      ],
      "size": [
        140,
        46
      ],
      "flags": {},
      "order": 12,
      "mode": 0,
      "inputs": [
        {
          "name": "pixels",
          "type": "IMAGE",
          "link": 38
        },
        {
          "name": "vae",
          "type": "VAE",
          "link": 37
        }
      ],
      "outputs": [
        {
          "name": "LATENT",
          "type": "LATENT",
          "links": [
            34
          ]
        }
      ],
      "properties": {
        "cnr_id": "comfy-core",
        "ver": "0.7.0",
        "Node name for S&R": "VAEEncode"
      },
      "widgets_values": []
    },
    {
      "id": 26,
      "type": "ImageScale",
      "pos": [
        1955.9224609375,
        130
      ],
      "size": [
        270,
        130
      ],
      "flags": {},
      "order": 11,
      "mode": 0,
      "inputs": [
        {
          "name": "image",
          "type": "IMAGE",
          "link": 39
        }
      ],
      "outputs": [
        {
          "name": "IMAGE",
          "type": "IMAGE",
          "links": [
            38
          ]
        }
      ],
      "properties": {
        "cnr_id": "comfy-core",
        "ver": "0.7.0",
        "Node name for S&R": "ImageScale"
      },
      "widgets_values": [
        "lanczos",
        1920,
        1920,
        "disabled"
      ]
    },
    {
      "id": 27,
      "type": "UpscaleModelLoader",
      "pos": [
        100,
        578
      ],
      "size": [
        270,
        58
      ],
      "flags": {},
      "order": 2,
      "mode": 0,
      "inputs": [],
      "outputs": [
        {
          "name": "UPSCALE_MODEL",
          "type": "UPSCALE_MODEL",
          "links": [
            40
          ]
        }
      ],
      "properties": {
        "cnr_id": "comfy-core",
        "ver": "0.7.0",
        "Node name for S&R": "UpscaleModelLoader"
      },
      "widgets_values": [
        "RealESRGAN_x4plus.safetensors"
      ]
    },
    {
      "id": 28,
      "type": "ImageUpscaleWithModel",
      "pos": [
        1622.353515625,
        130
      ],
      "size": [
        233.5689453125,
        46
      ],
      "flags": {},
      "order": 10,
      "mode": 0,
      "inputs": [
        {
          "name": "upscale_model",
          "type": "UPSCALE_MODEL",
          "link": 40
        },
        {
          "name": "image",
          "type": "IMAGE",
          "link": 41
        }
      ],
      "outputs": [
        {
          "name": "IMAGE",
          "type": "IMAGE",
          "links": [
            39
          ]
        }
      ],
      "properties": {
        "cnr_id": "comfy-core",
        "ver": "0.7.0",
        "Node name for S&R": "ImageUpscaleWithModel"
      },
      "widgets_values": []
    },
    {
      "id": 100,
      "type": "CLIPLoader",
      "pos": [
        100,
        766
      ],
      "size": [
        270,
        106
      ],
      "flags": {},
      "order": 3,
      "mode": 0,
      "inputs": [],
      "outputs": [
        {
          "name": "CLIP",
          "type": "CLIP",
          "links": [
            22,
            23
          ]
        }
      ],
      "properties": {
        "cnr_id": "comfy-core",
        "ver": "0.7.0",
        "Node name for S&R": "CLIPLoader"
      },
      "widgets_values": [
        "qwen_3_4b.safetensors",
        "lumina2",
        "default"
      ]
    },
    {
      "id": 101,
      "type": "VAELoader",
      "pos": [
        100,
        1002
      ],
      "size": [
        270,
        58
      ],
      "flags": {},
      "order": 4,
      "mode": 0,
      "inputs": [],
      "outputs": [
        {
          "name": "VAE",
          "type": "VAE",
          "links": [
            24,
            35,
            37
          ]
        }
      ],
      "properties": {
        "cnr_id": "comfy-core",
        "ver": "0.7.0",
        "Node name for S&R": "VAELoader"
      },
      "widgets_values": [
        "Flux\\ae.safetensors"
      ]
    },
    {
      "id": 102,
      "type": "ModelSamplingAuraFlow",
      "pos": [
        470,
        130
      ],
      "size": [
        270,
        58
      ],
      "flags": {},
      "order": 5,
      "mode": 0,
      "inputs": [
        {
          "name": "model",
          "type": "MODEL",
          "link": 42
        }
      ],
      "outputs": [
        {
          "name": "MODEL",
          "type": "MODEL",
          "links": [
            27,
            31
          ]
        }
      ],
      "properties": {
        "cnr_id": "comfy-core",
        "ver": "0.7.0",
        "Node name for S&R": "ModelSamplingAuraFlow"
      },
      "widgets_values": [
        7
      ]
    },
    {
      "id": 8,
      "type": "VAEDecode",
      "pos": [
        2978.2759765625,
        130
      ],
      "size": [
        140,
        46
      ],
      "flags": {},
      "order": 14,
      "mode": 0,
      "inputs": [
        {
          "name": "samples",
          "type": "LATENT",
          "link": 25
        },
        {
          "name": "vae",
          "type": "VAE",
          "link": 24
        }
      ],
      "outputs": [
        {
          "name": "IMAGE",
          "type": "IMAGE",
          "links": [
            43
          ]
        }
      ],
      "properties": {
        "cnr_id": "comfy-core",
        "ver": "0.7.0",
        "Node name for S&R": "VAEDecode"
      },
      "widgets_values": []
    },
    {
      "id": 103,
      "type": "SaveImage",
      "pos": [
        3215.5392922212745,
        138.3451913595795
      ],
      "size": [
        952.6665527343748,
        626.6666320800776
      ],
      "flags": {},
      "order": 15,
      "mode": 0,
      "inputs": [
        {
          "name": "images",
          "type": "IMAGE",
          "link": 43
        }
      ],
      "outputs": [],
      "properties": {
        "cnr_id": "comfy-core",
        "ver": "0.7.0"
      },
      "widgets_values": [
        "ComfyUI"
      ]
    }
  ],
  "links": [
    [
      22,
      100,
      0,
      6,
      0,
      "CLIP"
    ],
    [
      23,
      100,
      0,
      7,
      0,
      "CLIP"
    ],
    [
      24,
      101,
      0,
      8,
      1,
      "VAE"
    ],
    [
      25,
      23,
      0,
      8,
      0,
      "LATENT"
    ],
    [
      27,
      102,
      0,
      10,
      0,
      "MODEL"
    ],
    [
      28,
      6,
      0,
      10,
      1,
      "CONDITIONING"
    ],
    [
      29,
      7,
      0,
      10,
      2,
      "CONDITIONING"
    ],
    [
      30,
      5,
      0,
      10,
      3,
      "LATENT"
    ],
    [
      31,
      102,
      0,
      23,
      0,
      "MODEL"
    ],
    [
      32,
      6,
      0,
      23,
      1,
      "CONDITIONING"
    ],
    [
      33,
      7,
      0,
      23,
      2,
      "CONDITIONING"
    ],
    [
      34,
      25,
      0,
      23,
      3,
      "LATENT"
    ],
    [
      35,
      101,
      0,
      24,
      1,
      "VAE"
    ],
    [
      36,
      10,
      0,
      24,
      0,
      "LATENT"
    ],
    [
      37,
      101,
      0,
      25,
      1,
      "VAE"
    ],
    [
      38,
      26,
      0,
      25,
      0,
      "IMAGE"
    ],
    [
      39,
      28,
      0,
      26,
      0,
      "IMAGE"
    ],
    [
      40,
      27,
      0,
      28,
      0,
      "UPSCALE_MODEL"
    ],
    [
      41,
      24,
      0,
      28,
      1,
      "IMAGE"
    ],
    [
      42,
      4,
      0,
      102,
      0,
      "MODEL"
    ],
    [
      43,
      8,
      0,
      103,
      0,
      "IMAGE"
    ]
  ],
  "groups": [],
  "config": {},
  "extra": {
    "ds": {
      "scale": 0.8264462809917362,
      "offset": [
        -1133.8066918794796,
        122.93970886625029
      ]
    },
    "frontendVersion": "1.34.9",
    "workflowRendererVersion": "LG"
  },
  "version": 0.4
}