{
  "id": "00000000-0000-0000-0000-000000000000",
  "revision": 0,
  "last_node_id": 103,
  "last_link_id": 41,
  "nodes": [
    {
      "id": 4,
      "type": "UNETLoader",
      "pos": [
        100,
        130
      ],
      "size": [
        270,
        82
      ],
      "flags": {},
      "order": 0,
      "mode": 0,
      "inputs": [],
      "outputs": [
        {
          "name": "MODEL",
          "type": "MODEL",
          "links": [
            26,
            30
          ]
        }
      ],
      "properties": {
        "cnr_id": "comfy-core",
        "ver": "0.11.0",
        "Node name for S&R": "UNETLoader"
      },
      "widgets_values": [
        "Z_Image_BF16.safetensors",
        "default"
      ]
    },
    {
      "id": 5,
      "type": "EmptySD3LatentImage",
      "pos": [
        100,
        342
      ],
      "size": [
        270,
        106
      ],
      "flags": {},
      "order": 1,
      "mode": 0,
      "inputs": [],
      "outputs": [
        {
          "name": "LATENT",
          "type": "LATENT",
          "links": [
            29
          ]
        }
      ],
      "properties": {
        "cnr_id": "comfy-core",
        "ver": "0.11.0",
        "Node name for S&R": "EmptySD3LatentImage"
      },
      "widgets_values": [
        1024,
        1024,
        1
      ]
    },
    {
      "id": 6,
      "type": "CLIPTextEncode",
      "pos": [
        470,
        130
      ],
      "size": [
        400,
        200
      ],
      "flags": {},
      "order": 6,
      "mode": 0,
      "inputs": [
        {
          "name": "clip",
          "type": "CLIP",
          "link": 21
        }
      ],
      "outputs": [
        {
          "name": "CONDITIONING",
          "type": "CONDITIONING",
          "links": [
            27,
            31
          ]
        }
      ],
      "properties": {
        "cnr_id": "comfy-core",
        "ver": "0.11.0",
        "Node name for S&R": "CLIPTextEncode"
      },
      "widgets_values": [
        "super fast car going on a highway"
      ]
    },
    {
      "id": 7,
      "type": "CLIPTextEncode",
      "pos": [
        470,
        460
      ],
      "size": [
        400,
        200
      ],
      "flags": {},
      "order": 7,
      "mode": 0,
      "inputs": [
        {
          "name": "clip",
          "type": "CLIP",
          "link": 22
        }
      ],
      "outputs": [
        {
          "name": "CONDITIONING",
          "type": "CONDITIONING",
          "links": [
            28,
            32
          ]
        }
      ],
      "properties": {
        "cnr_id": "comfy-core",
        "ver": "0.11.0",
        "Node name for S&R": "CLIPTextEncode"
      },
      "widgets_values": [
        ""
      ]
    },
    {
      "id": 8,
      "type": "VAEDecode",
      "pos": [
        2978.2759765625,
        130
      ],
      "size": [
        140,
        46
      ],
      "flags": {},
      "order": 14,
      "mode": 0,
      "inputs": [
        {
          "name": "samples",
          "type": "LATENT",
          "link": 24
        },
        {
          "name": "vae",
          "type": "VAE",
          "link": 23
        }
      ],
      "outputs": [
        {
          "name": "IMAGE",
          "type": "IMAGE",
          "links": [
            41
          ]
        }
      ],
      "properties": {
        "cnr_id": "comfy-core",
        "ver": "0.11.0",
        "Node name for S&R": "VAEDecode"
      },
      "widgets_values": []
    },
    {
      "id": 10,
      "type": "SwarmKSampler",
      "pos": [
        970,
        130
      ],
      "size": [
        312.353515625,
        526
      ],
      "flags": {},
      "order": 8,
      "mode": 0,
      "inputs": [
        {
          "name": "model",
          "type": "MODEL",
          "link": 26
        },
        {
          "name": "positive",
          "type": "CONDITIONING",
          "link": 27
        },
        {
          "name": "negative",
          "type": "CONDITIONING",
          "link": 28
        },
        {
          "name": "latent_image",
          "type": "LATENT",
          "link": 29
        }
      ],
      "outputs": [
        {
          "name": "LATENT",
          "type": "LATENT",
          "links": [
            35
          ]
        }
      ],
      "properties": {
        "Node name for S&R": "SwarmKSampler"
      },
      "widgets_values": [
        790350123559787,
        "randomize",
        40,
        4,
        "euler",
        "beta",
        0,
        10000,
        0,
        0,
        -1,
        -1,
        7,
        "enable",
        "disable",
        "default",
        false,
        1024
      ]
    },
    {
      "id": 23,
      "type": "SwarmKSampler",
      "pos": [
        2565.9224609375,
        130
      ],
      "size": [
        312.353515625,
        526
      ],
      "flags": {},
      "order": 13,
      "mode": 0,
      "inputs": [
        {
          "name": "model",
          "type": "MODEL",
          "link": 30
        },
        {
          "name": "positive",
          "type": "CONDITIONING",
          "link": 31
        },
        {
          "name": "negative",
          "type": "CONDITIONING",
          "link": 32
        },
        {
          "name": "latent_image",
          "type": "LATENT",
          "link": 33
        }
      ],
      "outputs": [
        {
          "name": "LATENT",
          "type": "LATENT",
          "links": [
            24
          ]
        }
      ],
      "properties": {
        "Node name for S&R": "SwarmKSampler"
      },
      "widgets_values": [
        592280194412961,
        "randomize",
        40,
        4,
        "euler",
        "beta",
        16,
        10000,
        0,
        0,
        -1,
        -1,
        7,
        "enable",
        "disable",
        "default",
        false,
        1024
      ]
    },
    {
      "id": 24,
      "type": "VAEDecode",
      "pos": [
        1382.353515625,
        130
      ],
      "size": [
        140,
        46
      ],
      "flags": {},
      "order": 9,
      "mode": 0,
      "inputs": [
        {
          "name": "samples",
          "type": "LATENT",
          "link": 35
        },
        {
          "name": "vae",
          "type": "VAE",
          "link": 34
        }
      ],
      "outputs": [
        {
          "name": "IMAGE",
          "type": "IMAGE",
          "links": [
            40
          ]
        }
      ],
      "properties": {
        "cnr_id": "comfy-core",
        "ver": "0.11.0",
        "Node name for S&R": "VAEDecode"
      },
      "widgets_values": []
    },
    {
      "id": 25,
      "type": "VAEEncode",
      "pos": [
        2325.9224609375,
        130
      ],
      "size": [
        140,
        46
      ],
      "flags": {},
      "order": 12,
      "mode": 0,
      "inputs": [
        {
          "name": "pixels",
          "type": "IMAGE",
          "link": 37
        },
        {
          "name": "vae",
          "type": "VAE",
          "link": 36
        }
      ],
      "outputs": [
        {
          "name": "LATENT",
          "type": "LATENT",
          "links": [
            33
          ]
        }
      ],
      "properties": {
        "cnr_id": "comfy-core",
        "ver": "0.11.0",
        "Node name for S&R": "VAEEncode"
      },
      "widgets_values": []
    },
    {
      "id": 26,
      "type": "ImageScale",
      "pos": [
        1955.9224609375,
        130
      ],
      "size": [
        270,
        130
      ],
      "flags": {},
      "order": 11,
      "mode": 0,
      "inputs": [
        {
          "name": "image",
          "type": "IMAGE",
          "link": 38
        }
      ],
      "outputs": [
        {
          "name": "IMAGE",
          "type": "IMAGE",
          "links": [
            37
          ]
        }
      ],
      "properties": {
        "cnr_id": "comfy-core",
        "ver": "0.11.0",
        "Node name for S&R": "ImageScale"
      },
      "widgets_values": [
        "lanczos",
        2048,
        2048,
        "disabled"
      ]
    },
    {
      "id": 27,
      "type": "UpscaleModelLoader",
      "pos": [
        100,
        578
      ],
      "size": [
        270,
        58
      ],
      "flags": {},
      "order": 2,
      "mode": 0,
      "inputs": [],
      "outputs": [
        {
          "name": "UPSCALE_MODEL",
          "type": "UPSCALE_MODEL",
          "links": [
            39
          ]
        }
      ],
      "properties": {
        "cnr_id": "comfy-core",
        "ver": "0.11.0",
        "Node name for S&R": "UpscaleModelLoader"
      },
      "widgets_values": [
        "4xRealWebPhoto_v4_dat2.safetensors"
      ]
    },
    {
      "id": 28,
      "type": "ImageUpscaleWithModel",
      "pos": [
        1622.353515625,
        130
      ],
      "size": [
        233.5689453125,
        46
      ],
      "flags": {},
      "order": 10,
      "mode": 0,
      "inputs": [
        {
          "name": "upscale_model",
          "type": "UPSCALE_MODEL",
          "link": 39
        },
        {
          "name": "image",
          "type": "IMAGE",
          "link": 40
        }
      ],
      "outputs": [
        {
          "name": "IMAGE",
          "type": "IMAGE",
          "links": [
            38
          ]
        }
      ],
      "properties": {
        "cnr_id": "comfy-core",
        "ver": "0.11.0",
        "Node name for S&R": "ImageUpscaleWithModel"
      },
      "widgets_values": []
    },
    {
      "id": 100,
      "type": "CLIPLoader",
      "pos": [
        100,
        766
      ],
      "size": [
        270,
        106
      ],
      "flags": {},
      "order": 3,
      "mode": 0,
      "inputs": [],
      "outputs": [
        {
          "name": "CLIP",
          "type": "CLIP",
          "links": [
            21,
            22
          ]
        }
      ],
      "properties": {
        "cnr_id": "comfy-core",
        "ver": "0.11.0",
        "Node name for S&R": "CLIPLoader"
      },
      "widgets_values": [
        "qwen_3_4b.safetensors",
        "lumina2",
        "default"
      ]
    },
    {
      "id": 101,
      "type": "VAELoader",
      "pos": [
        100,
        1002
      ],
      "size": [
        270,
        58
      ],
      "flags": {},
      "order": 4,
      "mode": 0,
      "inputs": [],
      "outputs": [
        {
          "name": "VAE",
          "type": "VAE",
          "links": [
            23,
            34,
            36
          ]
        }
      ],
      "properties": {
        "cnr_id": "comfy-core",
        "ver": "0.11.0",
        "Node name for S&R": "VAELoader"
      },
      "widgets_values": [
        "Flux\\ae.safetensors"
      ]
    },
    {
      "id": 102,
      "type": "SaveImage",
      "pos": [
        1462.1765112210387,
        323.95062925362737
      ],
      "size": [
        945.5553009800842,
        748.1056783819917
      ],
      "flags": {},
      "order": 15,
      "mode": 0,
      "inputs": [
        {
          "name": "images",
          "type": "IMAGE",
          "link": 41
        }
      ],
      "outputs": [],
      "properties": {
        "cnr_id": "comfy-core",
        "ver": "0.11.0"
      },
      "widgets_values": [
        "ComfyUI"
      ]
    },
    {
      "id": 103,
      "type": "MarkdownNote",
      "pos": [
        105.06821622260115,
        -46.9223710249249
      ],
      "size": [
        1066.48682744719,
        105.74668020629883
      ],
      "flags": {},
      "order": 5,
      "mode": 0,
      "inputs": [],
      "outputs": [],
      "title": "Model Links",
      "properties": {},
      "widgets_values": [
        "# Use model downloader app and download Z Image Core Bundle and you are ready to use directly [https://www.patreon.com/posts/114517862](https://www.patreon.com/posts/114517862) - Just Run Windows_Start_Download_Models_App.bat"
      ],
      "color": "#222",
      "bgcolor": "#000"
    }
  ],
  "links": [
    [
      21,
      100,
      0,
      6,
      0,
      "CLIP"
    ],
    [
      22,
      100,
      0,
      7,
      0,
      "CLIP"
    ],
    [
      23,
      101,
      0,
      8,
      1,
      "VAE"
    ],
    [
      24,
      23,
      0,
      8,
      0,
      "LATENT"
    ],
    [
      26,
      4,
      0,
      10,
      0,
      "MODEL"
    ],
    [
      27,
      6,
      0,
      10,
      1,
      "CONDITIONING"
    ],
    [
      28,
      7,
      0,
      10,
      2,
      "CONDITIONING"
    ],
    [
      29,
      5,
      0,
      10,
      3,
      "LATENT"
    ],
    [
      30,
      4,
      0,
      23,
      0,
      "MODEL"
    ],
    [
      31,
      6,
      0,
      23,
      1,
      "CONDITIONING"
    ],
    [
      32,
      7,
      0,
      23,
      2,
      "CONDITIONING"
    ],
    [
      33,
      25,
      0,
      23,
      3,
      "LATENT"
    ],
    [
      34,
      101,
      0,
      24,
      1,
      "VAE"
    ],
    [
      35,
      10,
      0,
      24,
      0,
      "LATENT"
    ],
    [
      36,
      101,
      0,
      25,
      1,
      "VAE"
    ],
    [
      37,
      26,
      0,
      25,
      0,
      "IMAGE"
    ],
    [
      38,
      28,
      0,
      26,
      0,
      "IMAGE"
    ],
    [
      39,
      27,
      0,
      28,
      0,
      "UPSCALE_MODEL"
    ],
    [
      40,
      24,
      0,
      28,
      1,
      "IMAGE"
    ],
    [
      41,
      8,
      0,
      102,
      0,
      "IMAGE"
    ]
  ],
  "groups": [],
  "config": {},
  "extra": {
    "ds": {
      "scale": 0.751314800901578,
      "offset": [
        817.4244322706668,
        383.3333221476971
      ]
    },
    "frontendVersion": "1.35.9",
    "workflowRendererVersion": "LG",
    "VHS_latentpreview": false,
    "VHS_latentpreviewrate": 0,
    "VHS_MetadataImage": true,
    "VHS_KeepIntermediate": true
  },
  "version": 0.4
}