{
  "id": "00000000-0000-0000-0000-000000000000",
  "revision": 0,
  "last_node_id": 103,
  "last_link_id": 19,
  "nodes": [
    {
      "id": 4,
      "type": "UNETLoader",
      "pos": [
        100,
        130
      ],
      "size": [
        270,
        82
      ],
      "flags": {},
      "order": 0,
      "mode": 0,
      "inputs": [],
      "outputs": [
        {
          "name": "MODEL",
          "type": "MODEL",
          "links": [
            15
          ]
        }
      ],
      "properties": {
        "cnr_id": "comfy-core",
        "ver": "0.11.0",
        "Node name for S&R": "UNETLoader"
      },
      "widgets_values": [
        "Z_Image_BF16.safetensors",
        "default"
      ]
    },
    {
      "id": 5,
      "type": "EmptySD3LatentImage",
      "pos": [
        100,
        342
      ],
      "size": [
        270,
        106
      ],
      "flags": {},
      "order": 1,
      "mode": 0,
      "inputs": [],
      "outputs": [
        {
          "name": "LATENT",
          "type": "LATENT",
          "links": [
            18
          ]
        }
      ],
      "properties": {
        "cnr_id": "comfy-core",
        "ver": "0.11.0",
        "Node name for S&R": "EmptySD3LatentImage"
      },
      "widgets_values": [
        1024,
        1024,
        1
      ]
    },
    {
      "id": 6,
      "type": "CLIPTextEncode",
      "pos": [
        470,
        130
      ],
      "size": [
        400,
        200
      ],
      "flags": {},
      "order": 5,
      "mode": 0,
      "inputs": [
        {
          "name": "clip",
          "type": "CLIP",
          "link": 10
        }
      ],
      "outputs": [
        {
          "name": "CONDITIONING",
          "type": "CONDITIONING",
          "links": [
            16
          ]
        }
      ],
      "properties": {
        "cnr_id": "comfy-core",
        "ver": "0.11.0",
        "Node name for S&R": "CLIPTextEncode"
      },
      "widgets_values": [
        "super fast car going on a highway"
      ]
    },
    {
      "id": 7,
      "type": "CLIPTextEncode",
      "pos": [
        470,
        460
      ],
      "size": [
        400,
        200
      ],
      "flags": {},
      "order": 6,
      "mode": 0,
      "inputs": [
        {
          "name": "clip",
          "type": "CLIP",
          "link": 11
        }
      ],
      "outputs": [
        {
          "name": "CONDITIONING",
          "type": "CONDITIONING",
          "links": [
            17
          ]
        }
      ],
      "properties": {
        "cnr_id": "comfy-core",
        "ver": "0.11.0",
        "Node name for S&R": "CLIPTextEncode"
      },
      "widgets_values": [
        ""
      ]
    },
    {
      "id": 10,
      "type": "SwarmKSampler",
      "pos": [
        970,
        130
      ],
      "size": [
        312.353515625,
        526
      ],
      "flags": {},
      "order": 7,
      "mode": 0,
      "inputs": [
        {
          "name": "model",
          "type": "MODEL",
          "link": 15
        },
        {
          "name": "positive",
          "type": "CONDITIONING",
          "link": 16
        },
        {
          "name": "negative",
          "type": "CONDITIONING",
          "link": 17
        },
        {
          "name": "latent_image",
          "type": "LATENT",
          "link": 18
        }
      ],
      "outputs": [
        {
          "name": "LATENT",
          "type": "LATENT",
          "links": [
            13
          ]
        }
      ],
      "properties": {
        "Node name for S&R": "SwarmKSampler"
      },
      "widgets_values": [
        860567274558493,
        "randomize",
        40,
        4,
        "euler",
        "beta",
        0,
        10000,
        0,
        0,
        -1,
        -1,
        7,
        "enable",
        "disable",
        "default",
        false,
        1024
      ]
    },
    {
      "id": 100,
      "type": "CLIPLoader",
      "pos": [
        100,
        578
      ],
      "size": [
        270,
        106
      ],
      "flags": {},
      "order": 2,
      "mode": 0,
      "inputs": [],
      "outputs": [
        {
          "name": "CLIP",
          "type": "CLIP",
          "links": [
            10,
            11
          ]
        }
      ],
      "properties": {
        "cnr_id": "comfy-core",
        "ver": "0.11.0",
        "Node name for S&R": "CLIPLoader"
      },
      "widgets_values": [
        "qwen_3_4b.safetensors",
        "lumina2",
        "default"
      ]
    },
    {
      "id": 101,
      "type": "VAELoader",
      "pos": [
        100,
        814
      ],
      "size": [
        270,
        58
      ],
      "flags": {},
      "order": 3,
      "mode": 0,
      "inputs": [],
      "outputs": [
        {
          "name": "VAE",
          "type": "VAE",
          "links": [
            12
          ]
        }
      ],
      "properties": {
        "cnr_id": "comfy-core",
        "ver": "0.11.0",
        "Node name for S&R": "VAELoader"
      },
      "widgets_values": [
        "Flux\\ae.safetensors"
      ]
    },
    {
      "id": 8,
      "type": "VAEDecode",
      "pos": [
        1382.353515625,
        130
      ],
      "size": [
        140,
        46
      ],
      "flags": {},
      "order": 8,
      "mode": 0,
      "inputs": [
        {
          "name": "samples",
          "type": "LATENT",
          "link": 13
        },
        {
          "name": "vae",
          "type": "VAE",
          "link": 12
        }
      ],
      "outputs": [
        {
          "name": "IMAGE",
          "type": "IMAGE",
          "links": [
            19
          ]
        }
      ],
      "properties": {
        "cnr_id": "comfy-core",
        "ver": "0.11.0",
        "Node name for S&R": "VAEDecode"
      },
      "widgets_values": []
    },
    {
      "id": 102,
      "type": "SaveImage",
      "pos": [
        1585.4497776315927,
        134.13750720094305
      ],
      "size": [
        675.3309641742981,
        698.0341537393443
      ],
      "flags": {},
      "order": 9,
      "mode": 0,
      "inputs": [
        {
          "name": "images",
          "type": "IMAGE",
          "link": 19
        }
      ],
      "outputs": [],
      "properties": {
        "cnr_id": "comfy-core",
        "ver": "0.11.0"
      },
      "widgets_values": [
        "ComfyUI"
      ]
    },
    {
      "id": 103,
      "type": "MarkdownNote",
      "pos": [
        106.91946307159803,
        -50.768035436122005
      ],
      "size": [
        1066.48682744719,
        105.74668020629883
      ],
      "flags": {},
      "order": 4,
      "mode": 0,
      "inputs": [],
      "outputs": [],
      "title": "Model Links",
      "properties": {},
      "widgets_values": [
        "# Use model downloader app and download Z Image Core Bundle and you are ready to use directly [https://www.patreon.com/posts/114517862](https://www.patreon.com/posts/114517862) - Just Run Windows_Start_Download_Models_App.bat"
      ],
      "color": "#222",
      "bgcolor": "#000"
    }
  ],
  "links": [
    [
      10,
      100,
      0,
      6,
      0,
      "CLIP"
    ],
    [
      11,
      100,
      0,
      7,
      0,
      "CLIP"
    ],
    [
      12,
      101,
      0,
      8,
      1,
      "VAE"
    ],
    [
      13,
      10,
      0,
      8,
      0,
      "LATENT"
    ],
    [
      15,
      4,
      0,
      10,
      0,
      "MODEL"
    ],
    [
      16,
      6,
      0,
      10,
      1,
      "CONDITIONING"
    ],
    [
      17,
      7,
      0,
      10,
      2,
      "CONDITIONING"
    ],
    [
      18,
      5,
      0,
      10,
      3,
      "LATENT"
    ],
    [
      19,
      8,
      0,
      102,
      0,
      "IMAGE"
    ]
  ],
  "groups": [],
  "config": {},
  "extra": {
    "ds": {
      "scale": 0.6830134553650707,
      "offset": [
        877.823437795101,
        399.88141094328597
      ]
    },
    "frontendVersion": "1.35.9",
    "workflowRendererVersion": "LG",
    "VHS_latentpreview": false,
    "VHS_latentpreviewrate": 0,
    "VHS_MetadataImage": true,
    "VHS_KeepIntermediate": true
  },
  "version": 0.4
}