{
  "last_node_id": 50,
  "last_link_id": 68,
  "nodes": [
    {
      "id": 50,
      "type": "PreviewImage",
      "pos": [
        1520,
        80
      ],
      "size": [
        250,
        330
      ],
      "flags": {},
      "order": 8,
      "mode": 0,
      "inputs": [
        {
          "name": "images",
          "type": "IMAGE",
          "link": 68
        }
      ],
      "outputs": [],
      "properties": {
        "Node name for S&R": "PreviewImage"
      },
      "widgets_values": []
    },
    {
      "id": 49,
      "type": "ReActorFaceSwap",
      "pos": [
        1160,
        80
      ],
      "size": [
        315,
        358
      ],
      "flags": {},
      "order": 7,
      "mode": 0,
      "inputs": [
        {
          "name": "input_image",
          "type": "IMAGE",
          "link": 67,
          "slot_index": 0
        },
        {
          "name": "source_image",
          "type": "IMAGE",
          "link": null,
          "shape": 7
        },
        {
          "name": "face_model",
          "type": "FACE_MODEL",
          "link": 66,
          "shape": 7
        },
        {
          "name": "face_boost",
          "type": "FACE_BOOST",
          "link": null,
          "shape": 7
        }
      ],
      "outputs": [
        {
          "name": "IMAGE",
          "type": "IMAGE",
          "links": [
            68
          ],
          "slot_index": 0,
          "shape": 3
        },
        {
          "name": "FACE_MODEL",
          "type": "FACE_MODEL",
          "links": null,
          "shape": 3
        }
      ],
      "properties": {
        "Node name for S&R": "ReActorFaceSwap"
      },
      "widgets_values": [
        true,
        "inswapper_128.onnx",
        "retinaface_resnet50",
        "GFPGANv1.4.pth",
        1,
        0.5,
        "no",
        "no",
        "0",
        "0",
        1
      ]
    },
    {
      "id": 47,
      "type": "Note",
      "pos": [
        687.8106079101562,
        -143.9769744873047
      ],
      "size": [
        360,
        160
      ],
      "flags": {},
      "order": 0,
      "mode": 0,
      "inputs": [],
      "outputs": [],
      "properties": {
        "text": ""
      },
      "widgets_values": [
        "save_mode - save a blended face model or not\nsend_only - if you already build the model and want to use with the main ReActor node but don't want to waste your time for rebuilding it when you run the queue again - set this option to YES \n\nMean (recommended) - Average value (best result 👍)\nMedian* - Mid-point value (may be funny 😅)\nMode - Most common value (may be scary 😨)\n\n*Mean and Median will be similar if you load two images"
      ],
      "color": "#432",
      "bgcolor": "#653"
    },
    {
      "id": 1,
      "type": "ReActorBuildFaceModel",
      "pos": [
        736.48388671875,
        182.6955108642578
      ],
      "size": [
        315,
        150
      ],
      "flags": {},
      "order": 6,
      "mode": 0,
      "inputs": [
        {
          "name": "images",
          "type": "IMAGE",
          "link": 6,
          "slot_index": 0,
          "shape": 7
        },
        {
          "name": "face_models",
          "type": "FACE_MODEL",
          "link": null,
          "shape": 7
        }
      ],
      "outputs": [
        {
          "name": "FACE_MODEL",
          "type": "FACE_MODEL",
          "links": [
            66
          ],
          "slot_index": 0,
          "shape": 3
        }
      ],
      "properties": {
        "Node name for S&R": "ReActorBuildFaceModel"
      },
      "widgets_values": [
        true,
        true,
        "test",
        "Mean"
      ]
    },
    {
      "id": 5,
      "type": "ImpactMakeImageBatch",
      "pos": [
        517.1996459960938,
        210.61105346679688
      ],
      "size": [
        160,
        110
      ],
      "flags": {},
      "order": 5,
      "mode": 0,
      "inputs": [
        {
          "name": "image1",
          "type": "IMAGE",
          "link": 3
        },
        {
          "name": "image2",
          "type": "IMAGE",
          "link": 4
        },
        {
          "name": "image3",
          "type": "IMAGE",
          "link": 5
        },
        {
          "name": "image4",
          "type": "IMAGE",
          "link": 14
        },
        {
          "name": "image5",
          "type": "IMAGE",
          "link": null
        }
      ],
      "outputs": [
        {
          "name": "IMAGE",
          "type": "IMAGE",
          "links": [
            6
          ],
          "slot_index": 0,
          "shape": 3
        }
      ],
      "properties": {
        "Node name for S&R": "ImpactMakeImageBatch"
      },
      "widgets_values": []
    },
    {
      "id": 3,
      "type": "LoadImage",
      "pos": [
        50,
        80
      ],
      "size": [
        320,
        314
      ],
      "flags": {},
      "order": 1,
      "mode": 0,
      "inputs": [],
      "outputs": [
        {
          "name": "IMAGE",
          "type": "IMAGE",
          "links": [
            3,
            67
          ],
          "slot_index": 0,
          "shape": 3
        },
        {
          "name": "MASK",
          "type": "MASK",
          "links": null,
          "shape": 3
        }
      ],
      "properties": {
        "Node name for S&R": "LoadImage"
      },
      "widgets_values": [
        "1 (1).png",
        "image"
      ]
    },
    {
      "id": 4,
      "type": "LoadImage",
      "pos": [
        50,
        430
      ],
      "size": [
        320,
        314
      ],
      "flags": {},
      "order": 2,
      "mode": 0,
      "inputs": [],
      "outputs": [
        {
          "name": "IMAGE",
          "type": "IMAGE",
          "links": [
            4
          ],
          "slot_index": 0,
          "shape": 3
        },
        {
          "name": "MASK",
          "type": "MASK",
          "links": null,
          "shape": 3
        }
      ],
      "properties": {
        "Node name for S&R": "LoadImage"
      },
      "widgets_values": [
        "2 (1).png",
        "image"
      ]
    },
    {
      "id": 6,
      "type": "LoadImage",
      "pos": [
        380,
        430
      ],
      "size": [
        320,
        314
      ],
      "flags": {},
      "order": 3,
      "mode": 0,
      "inputs": [],
      "outputs": [
        {
          "name": "IMAGE",
          "type": "IMAGE",
          "links": [
            5
          ],
          "slot_index": 0,
          "shape": 3
        },
        {
          "name": "MASK",
          "type": "MASK",
          "links": null,
          "shape": 3
        }
      ],
      "properties": {
        "Node name for S&R": "LoadImage"
      },
      "widgets_values": [
        "3.png",
        "image"
      ]
    },
    {
      "id": 11,
      "type": "LoadImage",
      "pos": [
        778.7152099609375,
        570.2932739257812
      ],
      "size": [
        320,
        314
      ],
      "flags": {},
      "order": 4,
      "mode": 0,
      "inputs": [],
      "outputs": [
        {
          "name": "IMAGE",
          "type": "IMAGE",
          "links": [
            14
          ],
          "slot_index": 0,
          "shape": 3
        },
        {
          "name": "MASK",
          "type": "MASK",
          "links": null,
          "shape": 3
        }
      ],
      "properties": {
        "Node name for S&R": "LoadImage"
      },
      "widgets_values": [
        "4.png",
        "image"
      ]
    }
  ],
  "links": [
    [
      3,
      3,
      0,
      5,
      0,
      "IMAGE"
    ],
    [
      4,
      4,
      0,
      5,
      1,
      "IMAGE"
    ],
    [
      5,
      6,
      0,
      5,
      2,
      "IMAGE"
    ],
    [
      6,
      5,
      0,
      1,
      0,
      "IMAGE"
    ],
    [
      14,
      11,
      0,
      5,
      3,
      "IMAGE"
    ],
    [
      66,
      1,
      0,
      49,
      2,
      "FACE_MODEL"
    ],
    [
      67,
      3,
      0,
      49,
      0,
      "IMAGE"
    ],
    [
      68,
      49,
      0,
      50,
      0,
      "IMAGE"
    ]
  ],
  "groups": [],
  "config": {},
  "extra": {
    "ds": {
      "scale": 0.5644739300537776,
      "offset": [
        457.2151188143073,
        426.80762931920276
      ]
    },
    "node_versions": {
      "comfy-core": "0.3.13",
      "ComfyUI-ReActor": "d2318ad140582c6d0b68c51df342319b502006ed",
      "ComfyUI-Impact-Pack": "1ae7cae2df8cca06027edfa3a24512671239d6c4"
    }
  },
  "version": 0.4
}